Id,Name,Alias,City,Address,SourceURL
central-vinales,Central Viñales,,Pinar del Río,"Salvador Cisnero Street Esq. Ceferino Fernández, Vinales, Cuba 22 400",https://www.state.gov/cuba-prohibited-accommodations-list-initial-publication/
hotel-cayo-levisa,Hotel Cayo Levisa,,Pinar del Río,"Carretera a Palma Rubia, Cayo Levisa, Cuba 84 310",https://www.state.gov/cuba-prohibited-accommodations-list-initial-publication/
hotel-moka,Hotel Moka,,Pinar del Río,"Autopista Habana-Pinar del Río, Km 52 ½, Las Terrazas, Pinar del Rio, Cuba 24 700",https://www.state.gov/cuba-prohibited-accommodations-list-initial-publication/
hotel-pinar-del-rio,Hotel Pinar del Río,,Pinar del Río,"A4 (Marti y Final Autopista) Pinar del Rio, Cuba 20 100",https://www.state.gov/cuba-prohibited-accommodations-list-initial-publication/
hotel-villa-cabo-de-san-antonio,Hotel Villa Cabo de San Antonio,,Pinar del Río,"Playa Las Tumbas, Cabo de San Antonio, Pinar del Río, Pinar del Rio, Cuba 24 150",https://www.state.gov/cuba-prohibited-accommodations-list-initial-publication/
hotel-villa-maria-la-gorda-y-centro-internacional-de-buceo,Hotel Villa María La Gorda y Centro Internacional de Buceo,,Pinar del Río,"Península de Guanahacabibes, Pinar del Rio, Cuba 24 150",https://www.state.gov/cuba-prohibited-accommodations-list-initial-publication/
hotel-vueltabajo,Hotel Vueltabajo,,Pinar del Río,"Calle Marti 103, esq. a Rafael Morales, Pinar del Rio, Cuba 20 100",https://www.state.gov/cuba-prohibited-accommodations-list-initial-publication/
la-ermita,La Ermita ,,Pinar del Río,"Carretera de La Ermita, km 1. 5, Vinales, Cuba 22 400",https://www.state.gov/cuba-prohibited-accommodations-list-initial-publication/
los-jazmines,Los Jazmines,,Pinar del Río,"Carretera a Viñales, Km. 23, Viñales, Pinar del Río, Cuba 22 400",https://www.state.gov/cuba-prohibited-accommodations-list-initial-publication/
mirador-de-san-diego,Mirador de San Diego,,Pinar del Río,"Calle 23 final San Diego de los Baños, Los Palacios, Cuba 22 900",https://www.state.gov/cuba-prohibited-accommodations-list-initial-publication/
villa-rancho-san-vicente,Villa Rancho San Vicente,,Pinar del Río,"Valle de San Vicente Carretera a Puerto Esperanza Km 33, Vinales, Cuba 22 400",https://www.state.gov/cuba-prohibited-accommodations-list-initial-publication/
castillo-en-las-nubes,Castillo en las Nubes,,Artemisa,"Km 8 Carretera, Soroa, Artemisa, Cuba 22 700",https://www.state.gov/cuba-prohibited-accommodations-list-initial-publication/
hotel-las-yagrumas,Hotel Las Yagrumas,,Artemisa,"Calle 40 y Final Autopista, San Antonio de los Banos, Artemisa, Cuba 32 500",https://www.state.gov/cuba-prohibited-accommodations-list-initial-publication/
villa-soroa,Villa Soroa,,Artemisa,"Carretera A Soroa Km 8 Candelaria, Soroa, Artemisa, Cuba 22 700",https://www.state.gov/cuba-prohibited-accommodations-list-initial-publication/
aparthotel-terrazas-atlantico,Aparthotel Terrazas Atlántico,,Havana,"Ave. Las Terrazas e/ 10 y Rotonda, Santa María del Mar, La Habana del Este, Habana, Cuba 10 900",https://www.state.gov/cuba-prohibited-accommodations-list-initial-publication/
be-live-havana-city-copacabana,Be Live Havana City Copacabana,,Havana,"Ave. 1ra. No. 4404 e/ 44 y 46, Miramar, Playa, Habana, Cuba 11 300.",https://www.state.gov/cuba-prohibited-accommodations-list-initial-publication/
bello-caribe,Bello Caribe,,Havana,"Calle 158 esq. a 31, Habana, Cuba 10 400",https://www.state.gov/cuba-prohibited-accommodations-list-initial-publication/
blau-arenal-habana-beach,Blau Arenal Habana Beach,,Havana,"Laguna de Boca Ciega, Santa María del Mar, Playas del Este, Habana, Cuba 10 900",https://www.state.gov/cuba-prohibited-accommodations-list-initial-publication/
casa-117-mirador-del-mar,Casa 117 Mirador del Mar,,Havana,"Calle 12 E/ 1ra y 3ra Santa María, Habana, Cuba 10 400 *",https://www.state.gov/cuba-prohibited-accommodations-list-initial-publication/
casa-140-mirador-del-mar,Casa 140 Mirador del Mar,,Havana,"Calle 15 E/ 1RA Y 3RA Santa María, Habana del Este, Habana, Cuba 10 400 *",https://www.state.gov/cuba-prohibited-accommodations-list-initial-publication/
casa-178-boca-ciega,Casa 178 Boca Ciega,,Havana,"Avenida 5ta entre 1ra y 2da, Habana, Cuba 10 400 *",https://www.state.gov/cuba-prohibited-accommodations-list-initial-publication/
casa-474-boca-ciega,Casa 474 Boca Ciega,,Havana,"Ave 438 e/ 1ra y 5ta, Boca Ciega, Guanabo, Habana, Cuba 10 400 *",https://www.state.gov/cuba-prohibited-accommodations-list-initial-publication/
casa-475-boca-ciega,Casa 475 Boca Ciega,,Havana,"Ave 438 e/ 1ra y 5ta. Boca Ciega. Playa del Este, Habana, Cuba 10 400 *",https://www.state.gov/cuba-prohibited-accommodations-list-initial-publication/
casa-489-boca-ciega,Casa 489 Boca Ciega,,Havana,"Ave 442 e/ 1ra y 5ta, Boca Ciega, Guanabo, Habana, Cuba 10 400 *",https://www.state.gov/cuba-prohibited-accommodations-list-initial-publication/
casa-500-boca-ciega,Casa 500 Boca Ciega,,Havana,"Ave 442 e/ 1ra y 5ta, Boca Ciega, Guanabo, Habana del Este, Habana, Cuba 10 400 *",https://www.state.gov/cuba-prohibited-accommodations-list-initial-publication/
casa-576-alturas-de-boca-ciega,Casa 576 Alturas de Boca Ciega,,Havana,"Calle 448A / 5ta y 7ma. Guanabo. Habana del Este, Habana, Cuba 10 400 *",https://www.state.gov/cuba-prohibited-accommodations-list-initial-publication/
casa-580-brisas-del-mar,Casa 580 Brisas del Mar,,Havana,"Ave 42 e/A y Avenida B, Brisas del Mar, Habana, Cuba 10 400 *",https://www.state.gov/cuba-prohibited-accommodations-list-initial-publication/
casa-59-mirador-del-mar,Casa 59 Mirador del Mar,,Havana,"Calle No 5 E/ 1ra y Vía Blanca, Santa María, Habana, Cuba 10 400 *",https://www.state.gov/cuba-prohibited-accommodations-list-initial-publication/
casa-628-brisas-del-mar,Casa 628 Brisas del Mar,,Havana,"Ave 42 e/A y Avenida B, Brisas del Mar, Habana, Cuba 10 400 *",https://www.state.gov/cuba-prohibited-accommodations-list-initial-publication/
casa-712-alturas-de-boca-ciega,Casa 712 Alturas de Boca Ciega,,Havana,"Calle 460 E/A 7MA Y 9NA, Habana, Cuba 10 400 *",https://www.state.gov/cuba-prohibited-accommodations-list-initial-publication/
casa-727-alturas-de-boca-ciega,Casa 727 Alturas de Boca Ciega,,Havana,"Calle 456 E/A 5TA Y 7MA, Habana, Cuba 10 400 *",https://www.state.gov/cuba-prohibited-accommodations-list-initial-publication/
casa-760-alturas-de-boca-ciega,Casa 760 Alturas de Boca Ciega,,Havana,"Calle 458A / 7ma y 9na. Playas de Este, Habana, Cuba 10 400 *",https://www.state.gov/cuba-prohibited-accommodations-list-initial-publication/
casa-799-alturas-de-boca-ciega,Casa 799 Alturas de Boca Ciega,,Havana,"Calle 460 E/A 7MA Y 9NA, Habana, Cuba 10 400 *",https://www.state.gov/cuba-prohibited-accommodations-list-initial-publication/
casa-96-mirador-del-mar,Casa 96 Mirador del Mar,,Havana,"Calle No 10 E/ 3ra y Vía Blanca, Santa María, Habana, Cuba 10 400 *",https://www.state.gov/cuba-prohibited-accommodations-list-initial-publication/
casa-vida-luxury-holidays,Casa Vida Luxury Holidays,,Havana,"107 Villegas la Habana Dernier Etage, Habana, Cuba 10 400 ^",https://www.state.gov/cuba-prohibited-accommodations-list-initial-publication/
chateau-miramar,Chateau Miramar,,Havana,"Avenida 1ra. e/ 60 y 70, Miramar, Playa, Habana, Cuba 11 300",https://www.state.gov/cuba-prohibited-accommodations-list-initial-publication/
club-acuario,Club Acuario,,Havana,"Calle 248 y 5ta Ave Marina Hemingway, Playa, Habana, Cuba 10 400",https://www.state.gov/cuba-prohibited-accommodations-list-initial-publication/
comodoro,Comodoro,,Havana,"3rd Avenue and 84th street, Habana, Cuba 21 016",https://www.state.gov/cuba-prohibited-accommodations-list-initial-publication/
el-viejo-y-el-mar,El Viejo Y El Mar,,Havana,"Calle 248 y 5th Ave Marina Hemingway Santa Fe, Habana, Cuba 10 400",https://www.state.gov/cuba-prohibited-accommodations-list-initial-publication/
gran-hotel-bristol-kempinski,Gran Hotel Bristol Kempinski,,Havana,"485 Av. Bélgica, La Habana, Cuba",https://www.state.gov/cuba-prohibited-accommodations-list-initial-publication/
gran-hotel-manzana-kempinski,Gran Hotel Manzana Kempinski,,Havana,"San Rafael (entre Monserrate y, Agramonte, Habana, Cuba 10 100",https://www.state.gov/cuba-prohibited-accommodations-list-initial-publication/
h10-habana-panorama,H10 Habana Panorama,,Havana,"Avda 3 y Calle 70, Miramar, Habana, Cuba 10 400",https://www.state.gov/cuba-prohibited-accommodations-list-initial-publication/
habana-riviera-by-iberostar,Habana Riviera By Iberostar,,Havana,"Ave Paseo y Malecón, Vedado, Plaza de la Revolución, Habana, Cuba 10 400",https://www.state.gov/cuba-prohibited-accommodations-list-initial-publication/
hostal-valencia,Hostal Valencia,,Havana,"Calle de los Oficios No. 55 esq. a Obrapía, Old Havana, Habana, Cuba 10 400",https://www.state.gov/cuba-prohibited-accommodations-list-initial-publication/
hostel-vedado-azul,Hostel Vedado Azul,,Havana,"Calle 2, e/ 23 y 25, Vedado, Plaza de la Revolución, Habana, Cuba 10 400",https://www.state.gov/cuba-prohibited-accommodations-list-initial-publication/
hotel-ambos-mundos,Hotel Ambos Mundos,,Havana,"Calle Obispo No. 153 e/ Mercaderes y San Ignacio, Old Havana, Habana, Cuba 10 400",https://www.state.gov/cuba-prohibited-accommodations-list-initial-publication/
hotel-armadores-de-santander,Hotel Armadores de Santander,,Havana,"Calle Luz 4 Esq San Pedro, Habana, Cuba 10 100",https://www.state.gov/cuba-prohibited-accommodations-list-initial-publication/
hotel-atlantico,Hotel Atlántico,,Havana,"Ave de las Terrazas Santa Maria del Mar. Habana del Este, Habana, Cuba 10 900",https://www.state.gov/cuba-prohibited-accommodations-list-initial-publication/
hotel-bella-habana-aeropuerto,Hotel Bella Habana (Aeropuerto),,Havana,"Calle Conill e/ Marino y Boyeros, Nuevo Vedado, Plaza de la Revolución, Habana, Cuba 10 400",https://www.state.gov/cuba-prohibited-accommodations-list-initial-publication/
hotel-beltran-de-santa-cruz,Hotel Beltrán de Santa Cruz,,Havana,"Calle San Ignacio No. 411 e/ Sol y Muralla, Habana Vieja, Habana, Cuba 10 400",https://www.state.gov/cuba-prohibited-accommodations-list-initial-publication/
hotel-bruzon,Hotel Bruzón,,Havana,"Calle Bruzón No. 217 e/ Pozos Dulces y Boyero, Plaza de la Revolución, Habana, Cuba 10 400",https://www.state.gov/cuba-prohibited-accommodations-list-initial-publication/
hotel-caribbean,Hotel Caribbean,,Havana,"Prado No. 164 e/ Colón y Refugio, Habana Vieja, Habana, Cuba 10 100",https://www.state.gov/cuba-prohibited-accommodations-list-initial-publication/
hotel-colina,Hotel Colina,,Havana,"Calle L e/ 27 y Jovellar, Vedado, Plaza de la Revolución, Habana, Cuba 10 400",https://www.state.gov/cuba-prohibited-accommodations-list-initial-publication/
hotel-conde-de-villanueva,Hotel Conde de Villanueva,,Havana,"Calle de los Mercaderes No. 202 esq. a Lamparilla, Lamparilla, La Habana, Cuba 10 400",https://www.state.gov/cuba-prohibited-accommodations-list-initial-publication/
hotel-deauville,Hotel Deauville,,Havana,"Calle Galiano y Malecon Old Havana, Habana, Cuba 10 400",https://www.state.gov/cuba-prohibited-accommodations-list-initial-publication/
hotel-del-tejadillo,Hotel del Tejadillo,,Havana,"Calle Tejadillo No.12 esq. a San Ignacio, Habana Vieja, Habana, Cuba 10 400",https://www.state.gov/cuba-prohibited-accommodations-list-initial-publication/
hotel-el-bosque,Hotel el Bosque,,Havana,"Calle 28 A entre 49A y 49C Reparto Kohly, Habana, Cuba 10 400",https://www.state.gov/cuba-prohibited-accommodations-list-initial-publication/
hotel-el-comendador,Hotel el Comendador,,Havana,"Calle Obrapia 55 Esquina Baratill, Habana, Cuba 10 400",https://www.state.gov/cuba-prohibited-accommodations-list-initial-publication/
hotel-el-meson-de-la-flota,Hotel el Mesón de la Flota,,Havana,"Calle Mercaderes Entre Amargura Y Teniente Rey 257, Habana, Cuba 10 400",https://www.state.gov/cuba-prohibited-accommodations-list-initial-publication/
hotel-florida,Hotel Florida,,Havana,"Calle Obispo esq. a Cuba. Ciudad de La Habana, Habana, Cuba 10 100",https://www.state.gov/cuba-prohibited-accommodations-list-initial-publication/
hotel-habana-612,Hotel Habana 612,,Havana,"612 Calle Habana Entre Teniente Rey Y Muralla, Habana, Cuba 10 400",https://www.state.gov/cuba-prohibited-accommodations-list-initial-publication/
hotel-inglaterra,Hotel Inglaterra,,Havana,"Prado No 416 esq San Rafael, Habana Vieja, Habana, Cuba 10 100",https://www.state.gov/cuba-prohibited-accommodations-list-initial-publication/
hotel-kohly,Hotel Kohly,,Havana,"49 Y 36 Reparto Kohly Playa, Habana, Cuba 10 400",https://www.state.gov/cuba-prohibited-accommodations-list-initial-publication/
hotel-lido,Hotel Lido,,Havana,"Consulado No. 210 e/ Animas y Trocadero, Habana Vieja, Habana, Cuba 10 100",https://www.state.gov/cuba-prohibited-accommodations-list-initial-publication/
hotel-lincoln,Hotel Lincoln,,Havana,"Calle Virtudes No. 157 esq. a Galiano, Centro Habana, Habana, Cuba 10 200",https://www.state.gov/cuba-prohibited-accommodations-list-initial-publication/
hotel-los-frailes,Hotel Los Frailes,,Havana,"Calle Teniente Rey No. 8 e/ Mercaderes y Oficios., 8 Teniente Rey, Habana, Cuba 10 400",https://www.state.gov/cuba-prohibited-accommodations-list-initial-publication/
hotel-marques-de-cardenas-de-montehermoso,Hotel Marqués de Cardenas de Montehermoso,,Havana,"Calle Oficios Entre Amargura Y Lamparilla, Habana, Cuba 10 100",https://www.state.gov/cuba-prohibited-accommodations-list-initial-publication/
hotel-marques-de-prado-ameno,Hotel Marqués de Prado Ameno,,Havana,"Calle O’Reilly Esq. A Cuba, Habana, Cuba 10 100",https://www.state.gov/cuba-prohibited-accommodations-list-initial-publication/
hotel-nacional-de-cuba,Hotel Nacional de Cuba,,Havana,"Calle 21 y O Vedado, Plaza, Habana, Cuba 10 400",https://www.state.gov/cuba-prohibited-accommodations-list-initial-publication/
hotel-palacio-cueto,Hotel Palacio Cueto,,Havana,"Calle Inquisidor No.351-353 Esquina a Muralla Vieja Linda, Habana,  Cuba 10 100",https://www.state.gov/cuba-prohibited-accommodations-list-initial-publication/
hotel-palacio-del-marques-de-san-felipe-y-santiago-de-bejucal,Hotel Palacio del Marqués de San Felipe y Santiago de Bejucal,,Havana,"Calle de los Oficios 152 esquina a Mercaderes, La Habana, Cuba 10 100",https://www.state.gov/cuba-prohibited-accommodations-list-initial-publication/
hotel-palacio-o-farrill,Hotel Palacio O’Farrill,,Havana,"Calle Cuba 102 – 108 entre Chacon y Tejadillo, Habana, Cuba 10 100",https://www.state.gov/cuba-prohibited-accommodations-list-initial-publication/
hotel-panamericano,Hotel Panamericano,,Havana,"Calle A y Ave. Central, Cojímar, Habana del Este, Habana, Cuba 10 900",https://www.state.gov/cuba-prohibited-accommodations-list-initial-publication/
hotel-park-view,Hotel Park View,,Havana,"Calle Colon esq a Morro, Habana, Cuba 10 100",https://www.state.gov/cuba-prohibited-accommodations-list-initial-publication/
hotel-paseo-habana,Hotel Paseo Habana,,Havana,"Calle 17 esq. a A, Vedado, Plaza de la Revolución, Habana 10 400",https://www.state.gov/cuba-prohibited-accommodations-list-initial-publication/
hotel-plaza,Hotel Plaza,,Havana,"Ingnacio Agramonte 267 Habana Vieja, Habana, Cuba 10 400",https://www.state.gov/cuba-prohibited-accommodations-list-initial-publication/
hotel-raquel,Hotel Raquel,,Havana,"Calle Amargura No. 103, esq. a San Ignacio, Habana Vieja, Habana, Cuba 10 400",https://www.state.gov/cuba-prohibited-accommodations-list-initial-publication/
hotel-regis,Hotel Regis,,Havana,"Paseo de Martí, La Habana, Cuba 10 400",https://www.state.gov/cuba-prohibited-accommodations-list-initial-publication/
hotel-san-alejandro,Hotel San Alejandro,,Havana,"Ave. 31 e/ 76 y 78, Marianao, Habana, Cuba 11 500",https://www.state.gov/cuba-prohibited-accommodations-list-initial-publication/
hotel-san-miguel,Hotel San Miguel,,Havana,"Calle de Cuba 2, esquina a Pena Pobre Vedado, Habana, Cuba  10 400",https://www.state.gov/cuba-prohibited-accommodations-list-initial-publication/
hotel-santa-isabel,Hotel Santa Isabel,,Havana,"Calle Baratillo 9 Between Obispo And Narciso Lopez, Habana, Cuba 10 100",https://www.state.gov/cuba-prohibited-accommodations-list-initial-publication/
hotel-saratoga,Hotel Saratoga,,Havana,"Paseo del Prado 603 esquina Dragones, La Habana Vieja, Habana, Cuba 10 200",https://www.state.gov/cuba-prohibited-accommodations-list-initial-publication/
hotel-sevilla,Hotel Sevilla Affiliated by Melia,Hotel Sevilla Habana Affiliated by Meliá,Havana,"Trocadero 55 e Prado y Zulueta Habana, Habana, Cuba 19 100",https://www.state.gov/cuba-prohibited-accommodations-list-initial-publication/
hotel-telegrafo,Hotel Telégrafo,,Havana,"416 Paseo de Martí, Habana, Cuba 10 600",https://www.state.gov/cuba-prohibited-accommodations-list-initial-publication/
hotel-terral,Hotel Terral,,Havana,"Avenida Malecon Esquina A Lealtad, Habana, Cuba 10 400",https://www.state.gov/cuba-prohibited-accommodations-list-initial-publication/
hotel-tryp-habana-libre,Hotel Tryp Habana Libre,,Havana,"Calle L e/ 23 y 25, Vedado, Plaza de la Revolución, Habana, Cuba 10 400",https://www.state.gov/cuba-prohibited-accommodations-list-initial-publication/
hotel-tulipan,Hotel Tulipán,,Havana,"Calle Factor e/ Tulipán y Lombillo, Nuevo Vedado, Plaza de la Revolución, Habana, Cuba 10 400",https://www.state.gov/cuba-prohibited-accommodations-list-initial-publication/
hotel-vedado-saint-john-s,Hotel Vedado Saint John’s,,Havana,"Calle O e/ 23 y 25, Vedado, Plaza de la Revolución, Habana, Cuba 10 400",https://www.state.gov/cuba-prohibited-accommodations-list-initial-publication/
hotel-vedado,Hotel Vedado,,Havana,"Calle O, entre 23 y 25 Vedado, Habana, Cuba 10 400",https://www.state.gov/cuba-prohibited-accommodations-list-initial-publication/
iberostar-grand-packard-hotel,Iberostar Grand Packard Hotel,,Havana,"51 Paseo de Martí, Habana, Cuba 10 100",https://www.state.gov/cuba-prohibited-accommodations-list-initial-publication/
iberostar-parque-central,Iberostar Parque Central,,Havana,"Calle Neptuno e/ Paseo del Prado y Zulueta, Habana Vieja, Habana, Cuba 10 400",https://www.state.gov/cuba-prohibited-accommodations-list-initial-publication/
marazul,Marazul,,Havana,"Ave. de las Banderas y las Terrazas, Santa María del Mar, Playas del Este, Habana, Cuba 10 900",https://www.state.gov/cuba-prohibited-accommodations-list-initial-publication/
mariposa,Mariposa,,Havana,"Autopista Novia Del Mediodia, Habana, Cuba 10 400",https://www.state.gov/cuba-prohibited-accommodations-list-initial-publication/
melia-cohiba,Meliá Cohiba,,Havana,"Paseo e/ 1ª y 3ª, Vedado, Plaza de la Revolución, Havana, Cuba 10 400",https://www.state.gov/cuba-prohibited-accommodations-list-initial-publication/
melia-habana,Meliá Habana,,Havana,"Ave. 3ª e/ 76 y 80, Miramar, Playa, Habana, Cuba 11 300",https://www.state.gov/cuba-prohibited-accommodations-list-initial-publication/
memories-miramar-havana,Memories Miramar Havana,,Havana,"Quinta avenida entre 72 y 76 Fraccionamiento, Miramar, La Habana, Cuba 11 300",https://www.state.gov/cuba-prohibited-accommodations-list-initial-publication/
mirazul,Mirazul,,Havana,"5ta Avenida Entre 36 Y 40 Miramar, Playa, La Habana, Cuba 10 400",https://www.state.gov/cuba-prohibited-accommodations-list-initial-publication/
neptuno-triton,Neptuno Tritón,,Havana,"3ra Ave. Y 74 Miramar, Habana, Cuba 10 400",https://www.state.gov/cuba-prohibited-accommodations-list-initial-publication/
nh-capri,NH Capri,,Havana,"Calle 21, e/ N y O, Vedado, Plaza de la Revolución, Habana, Cuba 10 400",https://www.state.gov/cuba-prohibited-accommodations-list-initial-publication/
nh-collection-victoria-la-habana,NH Collection Victoria La Habana,,Havana,"Calle 19 e/ calle L y M, Vedado, Plaza de la Revolución, Habana, Cuba 10 400",https://www.state.gov/cuba-prohibited-accommodations-list-initial-publication/
roc-presidente,Roc Presidente,,Havana,"Calzada, No. 110 Esq. Av. de los Presidentes, Vedado, Plaza de la Revolución, Habana, Cuba 10 400",https://www.state.gov/cuba-prohibited-accommodations-list-initial-publication/
so-havana-paseo-del-prado,SO/ Havana Paseo del Prado,,Havana,"Prado San Lazaro and Malecon, Habana Cuba 10 400",https://www.state.gov/cuba-prohibited-accommodations-list-initial-publication/
so-paseo-del-prado-la-habana-hotel,SO/ Paseo del Prado La Habana Hotel,,Havana,"Ave del Prado, esq San Lazaro y Malecón, Centro Habana, Habana, Cuba 10 200",https://www.state.gov/cuba-prohibited-accommodations-list-initial-publication/
starfish-montehabana,Starfish Montehabana,,Havana,"Av 70 entre 5ta y 7ma Av Miramar – Fraccionamiento Miramar, Habana, Cuba 11 300",https://www.state.gov/cuba-prohibited-accommodations-list-initial-publication/
villa-bacuranao,Villa Bacuranao,,Havana,"Vía Blanca Km 15 ½, Playa Bacuranao, La Habana del Este, Habana, Cuba 10 900",https://www.state.gov/cuba-prohibited-accommodations-list-initial-publication/
villa-eulalia,Villa Eulalia,,Havana,"5ta Avenida Y Calle 6 Miramar, Playa, Habana, Cuba 10 400",https://www.state.gov/cuba-prohibited-accommodations-list-initial-publication/
villa-los-pinos,Villa Los Pinos,,Havana,"Av. De Las Terrazas Sta. Ma. del Mar, Playas del E, Habana, Cuba 10 400",https://www.state.gov/cuba-prohibited-accommodations-list-initial-publication/
villa-siboney,Villa Siboney,,Havana,"Calle 11 Esquina 184, Siboney, Playa, La Habana, Cuba 10 400",https://www.state.gov/cuba-prohibited-accommodations-list-initial-publication/
villa-loma,Villa Loma,,Mayabeque,"Vía Blanca, Km 57 ½, Jibacoa, Santa Cruz del Norte, Mayabeque, Cuba 32 900",https://www.state.gov/cuba-prohibited-accommodations-list-initial-publication/
villa-tropico,Villa Trópico,,Mayabeque,"Arroyo Bermejo beach KM 60, 12345 Playa Jibacoa, Mayabeque, Cuba 32 900",https://www.state.gov/cuba-prohibited-accommodations-list-initial-publication/
allegro-palma-real,Allegro Palma Real,,Matanzas,"1ra Ave. y Calle 64, Varadero, Matanzas, Cuba 42 200",https://www.state.gov/cuba-prohibited-accommodations-list-initial-publication/
aparthotel-mar-del-sur,Aparthotel Mar del Sur,,Matanzas,"Avenida 3ra y Calle 30, Varadero, Matanzas, Cuba 42 200",https://www.state.gov/cuba-prohibited-accommodations-list-initial-publication/
barcelo-solymar,Barcelo Solymar,,Matanzas,"Carretera Las Américas Km.3, Varadero, Matanzas, Cuba 42 200",https://www.state.gov/cuba-prohibited-accommodations-list-initial-publication/
be-live-adults-only-los-cactus,Be Live Adults Only Los Cactus,,Matanzas,"Carretera Las Américas Km 3 1/2 Varadero, Matanzas, Cuba 42 200",https://www.state.gov/cuba-prohibited-accommodations-list-initial-publication/
be-live-experience-las-morlas,Be Live Experience Las Morlas,,Matanzas,"Ave Las Américas, Varadero, Matanzas, Cuba 42 200",https://www.state.gov/cuba-prohibited-accommodations-list-initial-publication/
be-live-experience-tropical,"Be Live Experience Tropical,",,Matanzas,"Autopista Sur, Km 11 Varadero, Matanzas, Cuba 42 200",https://www.state.gov/cuba-prohibited-accommodations-list-initial-publication/
be-live-experience-turquesa,Be Live Experience Turquesa,,Matanzas,"Carretera Las Morlas KM 14 ½, Varadero, Matanzas, Cuba 42 200",https://www.state.gov/cuba-prohibited-accommodations-list-initial-publication/
be-live-experience-varadero,Be Live Experience Varadero,,Matanzas,"Reparto La Torre Ave Las Americas, Varadero, Cuba 42 200",https://www.state.gov/cuba-prohibited-accommodations-list-initial-publication/
blau-marina-varadero-resort,Blau Marina Varadero Resort,Fiesta Americana Punta Varadero;Fiesta Club Adults Only,Matanzas,"Autopista Sur Final Punta Hicacos, Varadero, Cuba 42 200",https://www.state.gov/cuba-prohibited-accommodations-list-initial-publication/
blau-varadero,Blau Varadero,,Matanzas,"Carretera de Las Morlas km.15. Varadero, Matanzas, Cuba 42 200",https://www.state.gov/cuba-prohibited-accommodations-list-initial-publication/
brisas-del-caribe,Brisas del Caribe,,Matanzas,"Carretera Las Morlas, Km 12 1/2, Varadero, Cuba 42 200",https://www.state.gov/cuba-prohibited-accommodations-list-initial-publication/
casa-1201-pb-acuazul,Casa 1201 PB Acuazul,,Matanzas,"Calle 12 E/ 1ra y 2 Avenida, Varadero, Cuba 42 200 *",https://www.state.gov/cuba-prohibited-accommodations-list-initial-publication/
casa-1301-acuazul,Casa 1301 Acuazul,,Matanzas,"Calle 13 e/ Avenida 1ra y Avenida 2da, Varadero, Matanzas, Cuba 42 200 *",https://www.state.gov/cuba-prohibited-accommodations-list-initial-publication/
casa-1903-club-tropical,Casa 1903 Club Tropical,,Matanzas,"Calle 19 entre 2da y 3ra, Varadero, Cuba 42 200 *",https://www.state.gov/cuba-prohibited-accommodations-list-initial-publication/
casa-2008-club-tropical,Casa 2008 Club Tropical,,Matanzas,"Avenida 1ra entre 20 y 22, Varadero, Cuba 42 200 *",https://www.state.gov/cuba-prohibited-accommodations-list-initial-publication/
casa-21-club-karey,Casa 21 Club Karey,,Matanzas,"Carretera Kawama Final, Varadero, Cuba 42 200 *",https://www.state.gov/cuba-prohibited-accommodations-list-initial-publication/
casa-2102-club-tropical,Casa 2102 Club Tropical,,Matanzas,"Calle 21 entre 1ra y 2da, Varadero, Cuba 42 200 *",https://www.state.gov/cuba-prohibited-accommodations-list-initial-publication/
casa-2104-club-tropical,Casa 2104 Club Tropical,,Matanzas,"Avenida 1ra entre 21 y 23, Varadero, Cuba 42 200 *",https://www.state.gov/cuba-prohibited-accommodations-list-initial-publication/
casa-2301-club-tropical,Casa 2301 Club Tropical,,Matanzas,"Avenida playa 23 e/ 22 y 24, Varadero, Cuba 42 200 *",https://www.state.gov/cuba-prohibited-accommodations-list-initial-publication/
casa-2303-club-tropical,Casa 2303 Club Tropical,,Matanzas,"Avenida 1ra Esq. 24, Varadero, Cuba 42 200 *",https://www.state.gov/cuba-prohibited-accommodations-list-initial-publication/
casa-2603-club-tropical,Casa 2603 Club Tropical,,Matanzas,"Calle 26 e % 2da y 3ra, Varadero, Cuba 42 200 *",https://www.state.gov/cuba-prohibited-accommodations-list-initial-publication/
casa-3204-los-delfines,Casa 3204 Los Delfines,,Matanzas,"Avenida Playa y Calle 32, Varadero, Cuba 42 200 *",https://www.state.gov/cuba-prohibited-accommodations-list-initial-publication/
casa-3241-a-acuazul,Casa 3241-A Acuazul,,Matanzas,"Ave. Playa e/ Calle 11 y Calle 12, Varadero, Cuba 42 200 *",https://www.state.gov/cuba-prohibited-accommodations-list-initial-publication/
casa-3241-b-acuazul,Casa 3241-B Acuazul,,Matanzas,"Ave. Playa e/ Calle 11 y Calle 12, Varadero, Cuba 42 200 *",https://www.state.gov/cuba-prohibited-accommodations-list-initial-publication/
casa-3242-acuazul,Casa 3242 Acuazul,,Matanzas,"Ave. Playa e/ calle 11 y 12, Varadero, Matanzas, Cuba 42 200 *",https://www.state.gov/cuba-prohibited-accommodations-list-initial-publication/
casa-3602-los-delfines,Casa 3602 Los Delfines,,Matanzas,"Esquina calle 36 y Ave Playa, Varadero, Cuba 42 200 *",https://www.state.gov/cuba-prohibited-accommodations-list-initial-publication/
casa-3604-los-delfines,Casa 3604 Los Delfines,,Matanzas,"Calle 36 y Ave Playa, Varadero, Cuba 42 200 *",https://www.state.gov/cuba-prohibited-accommodations-list-initial-publication/
casa-3606-pb-los-delfines,Casa 3606 PB Los Delfines,,Matanzas,"Calle 36 y Ave Playa, Varadero, Cuba 42 200 *",https://www.state.gov/cuba-prohibited-accommodations-list-initial-publication/
casa-402-acuazul,Casa 402 Acuazul,,Matanzas,"Calle 12 E/ 1ra y Ave. Playa, Varadero, Matanzas, Cuba 42 200 *",https://www.state.gov/cuba-prohibited-accommodations-list-initial-publication/
casa-408-acuazul,Casa 408 Acuazul,,Matanzas,"Calle 12 E/ 1ra y Ave. Playa, Varadero, Cuba 42 200 *",https://www.state.gov/cuba-prohibited-accommodations-list-initial-publication/
casa-431-acuazul,Casa 431 Acuazul,,Matanzas,"Calle 14 E/ 1ra y Ave. Playa, Varadero, Cuba 42 200 *",https://www.state.gov/cuba-prohibited-accommodations-list-initial-publication/
casa-432-acuazul,Casa 432 Acuazul,,Matanzas,"Calle 14 E/ 1ra y Ave. Playa, Varadero, Cuba 42 200 *",https://www.state.gov/cuba-prohibited-accommodations-list-initial-publication/
casa-437-acuazul,Casa 437 Acuazul,,Matanzas,"Calle 14 e/ Avenida Playa y Avenida 1ra, Varadero, Cuba 42 200 *",https://www.state.gov/cuba-prohibited-accommodations-list-initial-publication/
casa-439-acuazul,Casa 439 Acuazul,,Matanzas,"Calle 14 e/ Avenida Playa y Avenida 1ra, Varadero, Cuba 42 200 *",https://www.state.gov/cuba-prohibited-accommodations-list-initial-publication/
casa-5-club-karey,Casa 5 Club Karey,,Matanzas,"Carretera Kawama Final, Varadero, Cuba 42 200 *",https://www.state.gov/cuba-prohibited-accommodations-list-initial-publication/
casa-5502-pullman-dos-mares,Casa 5502 Pullman Dos Mares,,Matanzas,"Calle 53. 1ra ave., Varadero, Cuba 42 200 *",https://www.state.gov/cuba-prohibited-accommodations-list-initial-publication/
casa-6-club-karey,Casa 6 Club Karey,,Matanzas,"Carretera Kawama Final, Varadero, Cuba 42 200 *",https://www.state.gov/cuba-prohibited-accommodations-list-initial-publication/
casa-arrechavala-pb-los-delfines,Casa Arrechavala PB Los Delfines,,Matanzas,"Calle 33 y Ave Playa, Varadero, Cuba 42 400 *",https://www.state.gov/cuba-prohibited-accommodations-list-initial-publication/
condominio-calle-12,Condominio Calle 12,,Matanzas,"Calle 12 entre 1ra Avenida y Avenida del Mar, Varadero, Cuba 42 200 *",https://www.state.gov/cuba-prohibited-accommodations-list-initial-publication/
condominio-calle-32,Condominio Calle 32,,Matanzas,"Ave Playa y esquina 49, Varadero, Cuba 42 200 *",https://www.state.gov/cuba-prohibited-accommodations-list-initial-publication/
condominio-calle-36,Condominio Calle 36,,Matanzas,"Calle 1ra Avenida, entre 35 y 36, Varadero, Cuba 42 200 *",https://www.state.gov/cuba-prohibited-accommodations-list-initial-publication/
condominio-calle-40,Condominio Calle 40,,Matanzas,"Ave Playa y esquina 39, Varadero, Cuba 42 200 *",https://www.state.gov/cuba-prohibited-accommodations-list-initial-publication/
condominio-calle-54,Condominio Calle 54,,Matanzas,"1ra Ave. Y Calle 5, Varadero, Cuba 42 200 *",https://www.state.gov/cuba-prohibited-accommodations-list-initial-publication/
finca-don-pedro,Finca Don Pedro,,Matanzas,"Carretera Playa Girón, Km 1 1/2 , Península de Zapata, Matanzas, Cuba 43 000",https://www.state.gov/cuba-prohibited-accommodations-list-initial-publication/
grand-memories-varadero,Grand Memories Varadero,,Matanzas,"Km 18.5 Autopista Sur Parque Natural Punta Hicacos, Varadero, Cuba 42 200",https://www.state.gov/cuba-prohibited-accommodations-list-initial-publication/
hotel-acuazul,Hotel Acuazul,,Matanzas,"Ave. 1ra. y Calle 13, Varadero, Matanzas, Cuba 42 200",https://www.state.gov/cuba-prohibited-accommodations-list-initial-publication/
hotel-canimao,Hotel Canimao,,Matanzas,"Carretera Vía Blanca, Km 4 1/2 Reparto Canímar, Matanzas, Cuba 40 100",https://www.state.gov/cuba-prohibited-accommodations-list-initial-publication/
hotel-club-karey,Hotel Club Karey,,Matanzas,"Calle 0 Reparto Kawama, Varadero, Cuba 42 200",https://www.state.gov/cuba-prohibited-accommodations-list-initial-publication/
hotel-club-tropical,Hotel Club Tropical,,Matanzas,"Avenida 1ra E/ Calle 21 Y 23, Varadero, Cuba 42 200",https://www.state.gov/cuba-prohibited-accommodations-list-initial-publication/
hotel-kawama,Hotel Kawama,Club Kawama,Matanzas,"Primera Avenida y Calle 1 Reparto Kawama, Varadero, Cuba 42 200",https://www.state.gov/cuba-prohibited-accommodations-list-initial-publication/
hotel-los-delfines,Hotel Los Delfines,,Matanzas,"Avenida 1ra., y Calle 39 Avenida de la Playa, Varadero, Cuba 42 200",https://www.state.gov/cuba-prohibited-accommodations-list-initial-publication/
hotel-melia-marina-varadero-apartments,Hotel Meliá Marina Varadero Apartments,,Matanzas,"Autopista Del Sur Y Final Punta Hicacos, Varadero 42200 Cuba",https://www.state.gov/cuba-prohibited-accommodations-list-initial-publication/
hotel-oasis,Hotel Oasis,,Matanzas,"Via Blanca Km 130, Varadero, Cuba 42 200",https://www.state.gov/cuba-prohibited-accommodations-list-initial-publication/
hotel-pullman-dos-mares,Hotel Pullman Dos Mares,,Matanzas,"Calle 53 y Ave 1ra, Varadero, Matanzas, Cuba 42 200",https://www.state.gov/cuba-prohibited-accommodations-list-initial-publication/
hotel-puntarena-playa-caleta,Hotel Puntarena – Playa Caleta,,Matanzas,"Avenida Kawama Final, Varadero, Cuba 42 200",https://www.state.gov/cuba-prohibited-accommodations-list-initial-publication/
hotel-villa-tortuga,Hotel Villa Tortuga,,Matanzas,"Calle 9 e/ Boulevard y Ave. Kawama Matanza, Varadero, Cuba 42 200",https://www.state.gov/cuba-prohibited-accommodations-list-initial-publication/
iberostar-bella-costa,Iberostar Bella Costa,,Matanzas,"Carretera Las Américas Km 3½, Varadero, Matanzas, Cuba 42 200",https://www.state.gov/cuba-prohibited-accommodations-list-initial-publication/
iberostar-bella-vista,Iberostar Bella Vista,Iberostar Selection Bella Vista Varadero,Matanzas,"Carretera Las Morlas Km 11 Sector Punta Hicacos, Varadero, Cuba  42 200",https://www.state.gov/cuba-prohibited-accommodations-list-initial-publication/
iberostar-laguna-azul,Iberostar Laguna Azul,,Matanzas,"Autopista Sur Km 17 Punta Hicacos, Varadero, Cuba  42 200",https://www.state.gov/cuba-prohibited-accommodations-list-initial-publication/
iberostar-playa-alameda,Iberostar Playa Alameda,,Matanzas,"Las Morlas, Km 19 Punta Hicacos, Varadero, Cuba 42 200",https://www.state.gov/cuba-prohibited-accommodations-list-initial-publication/
iberostar-selection-varadero,Iberostar Selection Varadero,,Matanzas,"Carretera Las Morlas Km 17,5 Sector Punta Hicacos, Varadero, Matanzas, Cuba 42 200",https://www.state.gov/cuba-prohibited-accommodations-list-initial-publication/
iberostar-tainos,Iberostar Tainos,,Matanzas,"Carretera Las Morlas km 12 ½ , Península Hicacos, Varadero, Matanzas, Cuba 42 200",https://www.state.gov/cuba-prohibited-accommodations-list-initial-publication/
louvre,Hotel Louvre,,Matanzas,"Calle Milanés y Parque de la Libertad, Matanzas, Cuba 40 100",https://www.state.gov/cuba-prohibited-accommodations-list-initial-publication/
melia-internacional-varadero,Meliá Internacional Varadero,,Matanzas,"Avenida Las Américas, Km 1, Varadero, Matanzas, Cuba 42 200",https://www.state.gov/cuba-prohibited-accommodations-list-initial-publication/
melia-las-americas,Meliá Las Américas,,Matanzas,"Carretera de Las Morlas, Varadero, Matanzas, Cuba 42 200",https://www.state.gov/cuba-prohibited-accommodations-list-initial-publication/
melia-las-antillas,Meliá Las Antillas,,Matanzas,"Autopista Sur, Carretera Las Morlas, Km 14, Varadero, Cuba 42 200",https://www.state.gov/cuba-prohibited-accommodations-list-initial-publication/
melia-marina-varadero,Meliá Marina Varadero,,Matanzas,"Autopista Del Sur Y Final Punta Hicacos, Varadero, Cuba 42 200",https://www.state.gov/cuba-prohibited-accommodations-list-initial-publication/
melia-peninsula-varadero,Meliá Peninsula Varadero,,Matanzas,"Parque Natural de Punta Hicacos, Varadero, Cuba 42 200",https://www.state.gov/cuba-prohibited-accommodations-list-initial-publication/
melia-varadero,Meliá Varadero,,Matanzas,"Autopista Sur Km 9, Varadero, Matanzas, Cuba 42 200",https://www.state.gov/cuba-prohibited-accommodations-list-initial-publication/
memories-jibacoa,Memories Jibacoa,,Matanzas,"Playa Arroyo Bermejo Via Blanca, Km 60, Santa Cruz del Norte, Mayabeque, Cuba 32 900",https://www.state.gov/cuba-prohibited-accommodations-list-initial-publication/
memories-varadero-beach-resort,Memories Varadero Beach Resort,,Matanzas,"Autopista Sur, Km 18.5, Parque Natural Punta Hicacos, Varadero, Cuba 42 200",https://www.state.gov/cuba-prohibited-accommodations-list-initial-publication/
memories-varadero,Memories Varadero,,Matanzas,"Autopista Sur Km 18,5 Parque Natural Punta Hicacos, Varadero, Cuba 42 200",https://www.state.gov/cuba-prohibited-accommodations-list-initial-publication/
muthu-playa-varadero,Muthu Playa Varadero,,Matanzas,"Carretera Las Morlas Km 12½, Varadero, Matanzas, Cuba  42 200",https://www.state.gov/cuba-prohibited-accommodations-list-initial-publication/
naviti-varadero,Naviti Varadero,,Matanzas,"Autopista Sur Km 11 Varadero, Cuba 42 200",https://www.state.gov/cuba-prohibited-accommodations-list-initial-publication/
occidental-arenas-blancas,Occidental Arenas Blancas,,Matanzas,"Calle 64 Final, Varadero, Matanzas, Cuba 42 200",https://www.state.gov/cuba-prohibited-accommodations-list-initial-publication/
ocean-varadero-el-patriarca,Ocean Varadero El Patriarca,,Matanzas,"Autopista Sur Km 18 Punta Hicacos, Varadero, Cuba 42 200",https://www.state.gov/cuba-prohibited-accommodations-list-initial-publication/
ocean-vista-azul,Ocean Vista Azul,,Matanzas,"Autopista Sur Km 11, Varadero, Cuba 42 200",https://www.state.gov/cuba-prohibited-accommodations-list-initial-publication/
paradisus-princesa-del-mar,Paradisus Princesa del Mar,,Matanzas,"Auropista Sur, Ctra. Las Morlas, KM 19 1/2, Varadero, Cuba 42 200",https://www.state.gov/cuba-prohibited-accommodations-list-initial-publication/
paradisus-varadero,Paradisus Varadero,,Matanzas,"Punta Frances, Varadero, Cuba  42 200",https://www.state.gov/cuba-prohibited-accommodations-list-initial-publication/
playa-giron,Playa Girón,,Matanzas,"Localidad Playa Girón, Municipio Ciénaga de Zapata, Cuba 43 000",https://www.state.gov/cuba-prohibited-accommodations-list-initial-publication/
playa-larga,Playa Larga,Horizontes Playa Larga,Matanzas,"Barrio Playa Larga, Km 32, Playa Larga, Cuba 43 000",https://www.state.gov/cuba-prohibited-accommodations-list-initial-publication/
playa-vista-azul,Playa Vista Azul,,Matanzas,"Autopista Sur, Km. 11, Varadero, Matanzas, Cuba 42 200",https://www.state.gov/cuba-prohibited-accommodations-list-initial-publication/
roc-arenas-doradas,Roc Arenas Doradas,,Matanzas,"Autopista Varadero, Km 17 Playa de los Tainos, Varadero, Cuba 42 200",https://www.state.gov/cuba-prohibited-accommodations-list-initial-publication/
roc-barlovento,Roc Barlovento,,Matanzas,"Ave 1ra e/ 9 y 12, Varadero, Matanzas, Cuba 42 200",https://www.state.gov/cuba-prohibited-accommodations-list-initial-publication/
royal-service-at-paradisus-varadero,Royal Service at Paradisus Varadero,,Matanzas,"Autopista Sur, Playa Francés, Varadero, Matanzas, Cuba 42 200",https://www.state.gov/cuba-prohibited-accommodations-list-initial-publication/
royalton-hicacos-resort-and-spa,Royalton Hicacos Resort and Spa,,Matanzas,"Autopista Sur, Km 15, Varadero, Matanzas, Cuba 42 200",https://www.state.gov/cuba-prohibited-accommodations-list-initial-publication/
sanctuary-at-grand-memories-varadero,Sanctuary at Grand Memories Varadero,,Matanzas,"Autopista Sur, Km 18 1/2, Varadero, Cuba 42 200",https://www.state.gov/cuba-prohibited-accommodations-list-initial-publication/
sol-palmeras,Sol Palmeras,,Matanzas,"Carretera Las Morlas, Varadero, Matanzas, Cuba 42 200",https://www.state.gov/cuba-prohibited-accommodations-list-initial-publication/
sol-sirenas-coral,Sol Sirenas Coral,,Matanzas,"Las Americas Ave K Street, Varadero, Cuba 42 200",https://www.state.gov/cuba-prohibited-accommodations-list-initial-publication/
sol-varadero-beach,Sol Varadero Beach,,Matanzas,"Calle K and Avenida Las Americas, Varadero, Matanzas, Varadero, Cuba 42 200",https://www.state.gov/cuba-prohibited-accommodations-list-initial-publication/
starfish-cuatro-palmas,Starfish Cuatro Palmas,,Matanzas,"Ave 1ra. e/ 60 y 64, Varadero, Matanzas, Cuba 42 200",https://www.state.gov/cuba-prohibited-accommodations-list-initial-publication/
starfish-las-palmas-ages-16-or-adults-only,Starfish Las Palmas – Ages 16+ (or: Adults Only),,Matanzas,"Ave 1ra. e/ 60 y 64, Varadero, Matanzas, Cuba 42 200",https://www.state.gov/cuba-prohibited-accommodations-list-initial-publication/
starfish-varadero,Starfish Varadero,,Matanzas,"Carretera Las Morlas km 14, Varadero, Matanzas, Cuba 42 200",https://www.state.gov/cuba-prohibited-accommodations-list-initial-publication/
sun-beach,Sun Beach,,Matanzas,"Calle 17 Entre 1Era y 3Era, Varadero, Cuba 42 200",https://www.state.gov/cuba-prohibited-accommodations-list-initial-publication/
the-reserve-at-paradisus-varadero,The Reserve at Paradisus Varadero,,Matanzas,"Autopista Sur, Punta Francés, Varadero, Matanzas, Cuba 42 200",https://www.state.gov/cuba-prohibited-accommodations-list-initial-publication/
tuxpan,Tuxpan,,Matanzas,"Avenida Las Américas, Km 2, Varadero, Matanzas, Cuba 42 200",https://www.state.gov/cuba-prohibited-accommodations-list-initial-publication/
valentin-el-patriarca-varadero,Valentín El Patriarca Varadero,,Matanzas,"Autopista Sur, Km 18 1/2, Parque Natural Punta Hicacos, Varadero, Matanzas, Cuba 42 200",https://www.state.gov/cuba-prohibited-accommodations-list-initial-publication/
velasco,Velasco,,Matanzas,"Calle Contreras e/Santa Teresa y Ayuntamiento. Matanzas, Cuba 40 100",https://www.state.gov/cuba-prohibited-accommodations-list-initial-publication/
villa-guama,Villa Guamá,Horizontes Villa Guamá,Matanzas,"Carretera Playa Larga, Km 19, Laguna del Tesoro, Península de Zapata, Matanzas, Cuba 43 000",https://www.state.gov/cuba-prohibited-accommodations-list-initial-publication/
villa-punta-blanca-or-hotel-punta-blanca,Villa Punta Blanca (or: Hotel Punta Blanca),,Matanzas,"Carretera de Kawama final s/n, Varadero, Matanzas, Cuba 42 200",https://www.state.gov/cuba-prohibited-accommodations-list-initial-publication/
hotel-faro-luna,Hotel Faro Luna,,Cienfuegos,"Carretera a Pasacaballo Km 17 ½, Cienfuegos, Cuba 55 100",https://www.state.gov/cuba-prohibited-accommodations-list-initial-publication/
hotel-pasacaballos,Hotel Pasacaballos,,Cienfuegos,"Carretera de Rancho Luna km 23, Cienfuegos, Cuba 55 100",https://www.state.gov/cuba-prohibited-accommodations-list-initial-publication/
hotel-punta-la-cueva-or-punta-las-cuevas,Hotel Punta La Cueva (or: Punta Las Cuevas),,Cienfuegos,"Carretera a Rancho Luna km. 3 ½ y Circunvalación, Cienfuegos, Cuba 55 100",https://www.state.gov/cuba-prohibited-accommodations-list-initial-publication/
hotel-rancho-luna,Hotel Rancho Luna,,Cienfuegos,"Carretera Pasacaballo Km 17 ½, Cienfuegos, Cuba 55 100",https://www.state.gov/cuba-prohibited-accommodations-list-initial-publication/
jagua-managed-by-melia-hotels-international,Jagua Managed By Meliá Hotels International,,Cienfuegos,"Calle 37 e/ 0 and 2, Punta Gorda, Cienfuegos, Cuba 55 100",https://www.state.gov/cuba-prohibited-accommodations-list-initial-publication/
la-union-managed-by-melia-hotels-international,La Unión Managed By Meliá Hotels International,,Cienfuegos,"Calle 31 esq. a 54, Cienfuegos, Cuba 55 100",https://www.state.gov/cuba-prohibited-accommodations-list-initial-publication/
melia-san-carlos,Meliá San Carlos,,Cienfuegos,"Calle San Carlos Entre Gacel y Horrutinier, Cienfuegos, Cuba 55 100",https://www.state.gov/cuba-prohibited-accommodations-list-initial-publication/
villa-yaguanabo,Villa Yaguanabo,,Cienfuegos,"Carretera a Trinidad Km 55, Cienfuegos, Cuba 55 100",https://www.state.gov/cuba-prohibited-accommodations-list-initial-publication/
america,Hotel América,,Villa Clara,"Mujica No. 9 Entre Colón y Maceo, Santa Clara, Villa Clara, Cuba 50 100",https://www.state.gov/cuba-prohibited-accommodations-list-initial-publication/
angsana-cayo-santa-maria,Angsana Cayo Santa María,,Villa Clara,"Cayo Las Brujas, Cayeria del Norte, Villa Clara, Caibarien, Cuba 50 100",https://www.state.gov/cuba-prohibited-accommodations-list-initial-publication/
aparthotel-azul,Aparthotel Azul,,Villa Clara,"Carretera a Cayo Guillermo, Km 1.5, Cayo Coco, Cuba 69 400",https://www.state.gov/cuba-prohibited-accommodations-list-initial-publication/
barcelona,Hotel Barcelona,,Villa Clara,"José A. Peña Eentre Máximo Gómez y Antonio Maceo, Remedios, Villa Clara, Cuba 52 700",https://www.state.gov/cuba-prohibited-accommodations-list-initial-publication/
be-live-collection-cayo-santa-maria,Be Live Collection Cayo Santa María,,Villa Clara,"Cayo Santa María, Caibarién, Villa Clara, Cuba 52 610",https://www.state.gov/cuba-prohibited-accommodations-list-initial-publication/
camino-del-principe,Camino del Príncipe,,Villa Clara,"Camilo Cienfuegos No.9 / Montalván y Alejandro del Rio, Remedios, Villa Clara, Cuba 52 700",https://www.state.gov/cuba-prohibited-accommodations-list-initial-publication/
casa-bausa,Casa Bausá,,Villa Clara,"Camilo Cienfuegos Entre Montalván y José A. Peña, Remedios, Villa Clara 52 700 *",https://www.state.gov/cuba-prohibited-accommodations-list-initial-publication/
central-villa-clara,Central Villa Clara,,Villa Clara,"Calle Parque Entre Padre Chao y Marta Abreus Reparto Pastora, Santa Clara, Villa Clara, Cuba 50 100",https://www.state.gov/cuba-prohibited-accommodations-list-initial-publication/
coral-level-at-iberostar-selection-ensenachos,Coral Level At Iberostar Selection Ensenachos,,Villa Clara,"Cayo Ensenachos, Caibarién, Villa Clara, Cuba 52 610",https://www.state.gov/cuba-prohibited-accommodations-list-initial-publication/
dhawa-cayo-santa-maria,Dhawa Cayo Santa María,,Villa Clara,"50100 Cayeria Del Norte, Cayo las Brujas, Caibarién, Cuba 52 610",https://www.state.gov/cuba-prohibited-accommodations-list-initial-publication/
golden-tulip-aguas-claras,Golden Tulip Aguas Claras,,Villa Clara,"Las Caletas Beach, Cayo Santa Maria, Caibarien, Villa Clara, Cuba 52 610",https://www.state.gov/cuba-prohibited-accommodations-list-initial-publication/
grand-aston-cayo-las-brujas-beach-resort-spa,Grand Aston Cayo Las Brujas Beach Resort & Spa,,Villa Clara,"Las Dunas 5, Cayo Las Brujas, Cuba 52 610",https://www.state.gov/cuba-prohibited-accommodations-list-initial-publication/
grand-memories-santa-maria,Grand Memories Santa María,,Villa Clara,"Cayo Santa Maria, Caibarien, Villa Clara, Cuba 52 610",https://www.state.gov/cuba-prohibited-accommodations-list-initial-publication/
grand-sirenis-cayo-santa-maria,Grand Sirenis Cayo Santa María,,Villa Clara,"Playa Las Salinas, Cayo Santa María, Villa Clara, Cuba 52 610",https://www.state.gov/cuba-prohibited-accommodations-list-initial-publication/
hotel-cayo-santa-maria,Hotel Cayo Santa María,,Villa Clara,"Cayo Las Brujas, Villa Clara, Caibarien, Cuba, 52 610",https://www.state.gov/cuba-prohibited-accommodations-list-initial-publication/
hotel-elguea,Hotel Elguea,,Villa Clara,"Balneario Elguea, Corralillo, Villa Clara, Cuba 52 100",https://www.state.gov/cuba-prohibited-accommodations-list-initial-publication/
hotel-floreale,Hotel Floréale,,Villa Clara,"Calle Rafael Trista, No. 4, e/ Parque Vidal y Villuendas, Santa Clara, Villa Clara, Cuba 50 100",https://www.state.gov/cuba-prohibited-accommodations-list-initial-publication/
hotel-hanabanilla,Hotel Hanabanilla,,Villa Clara,"Salto de Hanabanilla, Manicaragua, Villa Clara, Cuba 53 200",https://www.state.gov/cuba-prohibited-accommodations-list-initial-publication/
hotel-playa-cayo-santa-maria,Hotel Playa Cayo Santa María,,Villa Clara,"Las Dunas 5, Cuba Cayo Santa María, Cuba 52 610",https://www.state.gov/cuba-prohibited-accommodations-list-initial-publication/
hotel-playa-vista-mar,Hotel Playa Vista Mar,,Villa Clara,"Las Brujas, Cayo Santa Maria, Villa Clara, Cuba 52 610",https://www.state.gov/cuba-prohibited-accommodations-list-initial-publication/
hotel-santa-clara-libre,Hotel Santa Clara Libre,,Villa Clara,"Parque Leoncio Vidal No. 6 e/ Tristá y Padre Chao, Santa Clara, Villa Clara, Cuba 50 100",https://www.state.gov/cuba-prohibited-accommodations-list-initial-publication/
iberostar-ensenachos,Iberostar Ensenachos,,Villa Clara,"Cayo Ensenachos, Pedraplen A Cayo Santa Maria, Cuba  52 700",https://www.state.gov/cuba-prohibited-accommodations-list-initial-publication/
las-salinas-plana-spa,Las Salinas Plana & Spa,,Villa Clara,"Cayo las Brujas, Villa Clara, Cayo Las Brujas, Cuba 52 610",https://www.state.gov/cuba-prohibited-accommodations-list-initial-publication/
leyendas,Leyendas,,Villa Clara,"Pi y Margall esquina Antonio Maceo, Remedios, Villa Clara 52 700",https://www.state.gov/cuba-prohibited-accommodations-list-initial-publication/
mascotte,Mascotte,,Villa Clara,"Máximo Gómez No. 114, Remedios, Villa Clara, Cuba 52 700",https://www.state.gov/cuba-prohibited-accommodations-list-initial-publication/
melia-buenavista,Meliá Buenavista,,Villa Clara,"Punta Madruguilla, Cayo Santa María, Caibarién, Villa Clara, Cuba 52 610",https://www.state.gov/cuba-prohibited-accommodations-list-initial-publication/
melia-cayo-santa-maria,Meliá Cayo Santa María,Sol Cayo Santa Maria,Villa Clara,"Cayo Santa María, km 40, Jardines del Rey, Caibarién, Villa Clara, Cuba 52 610",https://www.state.gov/cuba-prohibited-accommodations-list-initial-publication/
melia-las-dunas,Meliá Las Dunas,,Villa Clara,"Cayo Santa María, km 48, Jardines del Rey, Caibarién, Villa Clara, Cuba 52 610",https://www.state.gov/cuba-prohibited-accommodations-list-initial-publication/
memories-paraiso,Memories Paraíso,,Villa Clara,"Cayo Santa María, Caibarién, Villa Clara, Cuba 52 610",https://www.state.gov/cuba-prohibited-accommodations-list-initial-publication/
ocean-casa-del-mar,Ocean Casa del Mar,Roc Casa del Mar,Villa Clara,"Cayo Santa María, Caibarién, Cayos de Villa Clara, Cuba 52 610",https://www.state.gov/cuba-prohibited-accommodations-list-initial-publication/
palacio-arenas,Palacio Arenas,,Villa Clara,"Calle Solís esquina a Padre Varela. Sagua La Grande, Villa Clara, Cuba 53 310",https://www.state.gov/cuba-prohibited-accommodations-list-initial-publication/
paradisus-los-cayos,Paradisus Los Cayos,,Villa Clara,"Cayo Santa María, km 48, Jardines del Rey, Caibarién, Cuba 52 610",https://www.state.gov/cuba-prohibited-accommodations-list-initial-publication/
real,Hotel Real,,Villa Clara,"Camilo Cienfuegos No 6 /Andrés del Rio y Alejandro del Rio, Remedios, Cuba 52 700",https://www.state.gov/cuba-prohibited-accommodations-list-initial-publication/
roc-lagunas-del-mar,Roc Lagunas del Mar,Lagunas del Mar,Villa Clara,"Carretera (Pedraplén) a Cayo Santa María, Caibarién, Villa Clara, Cuba 52 610",https://www.state.gov/cuba-prohibited-accommodations-list-initial-publication/
royal-service-at-paradisus-los-cayos,Royal Service at Paradisus Los Cayos,,Villa Clara,"Cayo Santa María, Km 48, Jardines del Rey, Caibarién, Villa Clara, Cuba 52 610",https://www.state.gov/cuba-prohibited-accommodations-list-initial-publication/
royalton-cayo-santa-maria,Royalton Cayo Santa María,,Villa Clara,"Cayo Santa María, Caibarién, Jardines del Rey, Villa Clara, Cuba 52 610",https://www.state.gov/cuba-prohibited-accommodations-list-initial-publication/
sagua,Sagua,,Villa Clara,"Calle Carmen Ribalta Entre Martí y Clara Barton. Sagua La Grande, Villa Clara, Cuba 53 310",https://www.state.gov/cuba-prohibited-accommodations-list-initial-publication/
sanctuary-at-grand-memories-santa-maria,Sanctuary at Grand Memories Santa María,,Villa Clara,"Cayo Santa Marίa, Caibarien, Villa Clara, Cuba 52 610",https://www.state.gov/cuba-prohibited-accommodations-list-initial-publication/
sercotel-experience-cayo-santa-maria,Sercotel Experience Cayo Santa María,,Villa Clara,"Jardines del Rey, Cayos de Villa Clara, Cuba 50 100",https://www.state.gov/cuba-prohibited-accommodations-list-initial-publication/
starfish-cayo-santa-maria,Starfish Cayo Santa María,,Villa Clara,"Cayo Santa María, Caibarién, Villa Clara, Cuba 56 200",https://www.state.gov/cuba-prohibited-accommodations-list-initial-publication/
starfish-tropical,Starfish Tropical,,Villa Clara,"Cayo Santa Maria, Caibarien, Villa Clara, Cuba 56 200",https://www.state.gov/cuba-prohibited-accommodations-list-initial-publication/
the-reserve-at-paradisus-los-cayos,The Reserve at Paradisus Los Cayos,,Villa Clara,"Cayo Santa María, km 48, Jardines del Rey, Caibarién, Villa Clara, Cuba 52 610",https://www.state.gov/cuba-prohibited-accommodations-list-initial-publication/
valentin-perla-blanca,Valentín Perla Blanca,,Villa Clara,"Lagunas del Este, Cayo Santa María, Caibarién, Villa Clara, Cuba 52 610",https://www.state.gov/cuba-prohibited-accommodations-list-initial-publication/
villa-la-granjita,Villa La Granjita,Horizontes La Granjita,Villa Clara,"Carretera de Malezas, Km. 1 ½, Santa Clara, Cuba 50 100",https://www.state.gov/cuba-prohibited-accommodations-list-initial-publication/
villa-las-brujas,Villa Las Brujas,,Villa Clara,"Cayo Las Brujas, Caibarién, Villa Clara, Cuba 50 100",https://www.state.gov/cuba-prohibited-accommodations-list-initial-publication/
villa-los-caneyes,Villa Los Caneyes,Horizontes Los Caneyes,Villa Clara,"Ave. Eucaliptos y Circunvalación, Santa Clara, Cuba 50 100",https://www.state.gov/cuba-prohibited-accommodations-list-initial-publication/
warwick-cayo-santa-maria,Warwick Cayo Santa María,Labranda Cayo Santa María Hotel,Villa Clara,"Cayo Santa María, Caibarién, Villa Clara, Cuba 56 200",https://www.state.gov/cuba-prohibited-accommodations-list-initial-publication/
club-amigo-ancon,Club Amigo Ancón,,Sancti Spíritus,"Carretera Marìa Aguilar, Península Ancòn, Trinidad, Sancti Spíritus, Cuba 62 600",https://www.state.gov/cuba-prohibited-accommodations-list-initial-publication/
hotel-don-florencio,Hotel Don Florencio,,Sancti Spíritus,"Calle Independencia No. 63 Sur, e/ Agramonte y E.V. Muñoz, Sanctí Spíritus, Cuba 60 100",https://www.state.gov/cuba-prohibited-accommodations-list-initial-publication/
hotel-e-plaza-or-hotel-encanto-plaza,Hotel E Plaza (or: Hotel Encanto Plaza),,Sancti Spíritus,"2 Cespedes Norte, Sancti Spíritus, Cuba 60 100",https://www.state.gov/cuba-prohibited-accommodations-list-initial-publication/
hotel-rijo,Hotel Rijo,,Sancti Spíritus,"Honorato del Castillo No. 12, Centro Histórico, Sancti Spíritus, Cuba 60 100",https://www.state.gov/cuba-prohibited-accommodations-list-initial-publication/
hotel-zaza,Hotel Zaza,,Sancti Spíritus,"Finca San José Km 5½, Lago Zaza, Sancti Spíritus, Cuba 60 100",https://www.state.gov/cuba-prohibited-accommodations-list-initial-publication/
iberostar-heritage-grand-trinidad,Iberostar Heritage Grand Trinidad,,Sancti Spíritus,"Calle Jose Marti y Lino Perez, Trinidad, Sancti Spiritus, Cuba 62 600",https://www.state.gov/cuba-prohibited-accommodations-list-initial-publication/
kurhotel-escambray,Kurhotel Escambray,,Sancti Spíritus,"Topes de Collantes, Sierra Escambray, Trinidad, Sancti Spíritus. Cuba 64 310",https://www.state.gov/cuba-prohibited-accommodations-list-initial-publication/
la-popa,La Popa,,Sancti Spíritus,"Enrique Hart Street, between Piro Guinart & Simón Bolívar Street, Trinidad, Sancti Spíritus, Cuba 62 600",https://www.state.gov/cuba-prohibited-accommodations-list-initial-publication/
las-cuevas,Las Cuevas,,Sancti Spíritus,"Finca Santa Ana, Trinidad, Sancti Spiritus, Cuba 62 600",https://www.state.gov/cuba-prohibited-accommodations-list-initial-publication/
los-helechos,Los Helechos,,Sancti Spíritus,"Topes de Collantes, Trinidad, Sancti Spíritus. Cuba 62 600",https://www.state.gov/cuba-prohibited-accommodations-list-initial-publication/
ma-dolores,Ma Dolores,Horizontes Finca Ma Dolores,Sancti Spíritus,"Carretera de Cienfuegos, Km. 1 ½, Trinidad, Sancti Spiritus, Cuba 62 600",https://www.state.gov/cuba-prohibited-accommodations-list-initial-publication/
memories-trinidad-del-mar,Memories Trinidad Del Mar,,Sancti Spíritus,"Península de Ancón, Trinidad, Sancti Spíritus, Cuba 62 600",https://www.state.gov/cuba-prohibited-accommodations-list-initial-publication/
meson-del-regidor,Mesón del Regidor,,Sancti Spíritus,"Calle Simón Bolívar #426 e/ Real del Jigue y Gloria. C. Historico, Trinidad, Cuba 62 600",https://www.state.gov/cuba-prohibited-accommodations-list-initial-publication/
trinidad-500,Trinidad 500,,Sancti Spíritus,"Carretera Casilda Km 1/2, Trinidad, Cuba 62 600",https://www.state.gov/cuba-prohibited-accommodations-list-initial-publication/
villa-caburni,Villa Caburni,,Sancti Spíritus,"Topes de Collantes, Sierra Escambray, Trinidad, Sancti Spíritus. Cuba 62 600",https://www.state.gov/cuba-prohibited-accommodations-list-initial-publication/
villa-los-laureles,Villa Los Laureles,,Sancti Spíritus,"Carretera Central Km 383, Sancti Spiritus, Cuba 60 100",https://www.state.gov/cuba-prohibited-accommodations-list-initial-publication/
villa-san-jose-del-lago,Villa San José del Lago,,Sancti Spíritus,"Avenida Antonio Guiteras km 1 ½, Mayajigua, Yaguajay, Sancti Spíritus, Cuba 62 100",https://www.state.gov/cuba-prohibited-accommodations-list-initial-publication/
cayo-guillermo-resort-kempinski,Cayo Guillermo Resort Kempinski,,Ciego de Ávila,"Playa Pilar, Cayo Guillermo, Ciego de Avila, Cuba 67 210",https://www.state.gov/cuba-prohibited-accommodations-list-initial-publication/
club-cayo-guillermo,Club Cayo Guillermo,,Ciego de Ávila,"Jardines del Rey, Cayo Guillermo, Ciego de Avila, Cuba 65 200",https://www.state.gov/cuba-prohibited-accommodations-list-initial-publication/
colonial-cayo-coco,Colonial Cayo Coco,,Ciego de Ávila,"Cayo Coco, Jardines del Rey, Ciego de Ávila, Cuba 69 400",https://www.state.gov/cuba-prohibited-accommodations-list-initial-publication/
gran-muthu-imperial-hotel,Gran Muthu Imperial Hotel,,Ciego de Ávila,"Km 50, Carretera a Playa Pilar, Cayo Guillermo, Ciego de Avila, Cuba 65 100",https://www.state.gov/cuba-prohibited-accommodations-list-initial-publication/
gran-muthu-rainbow-hotel,Gran Muthu Rainbow Hotel,,Ciego de Ávila,"Cayo Guillermo, Jardines del Rey, Ciego de Avila, Cuba 65 100",https://www.state.gov/cuba-prohibited-accommodations-list-initial-publication/
grand-muthu-cayo-guillermo,Grand Muthu Cayo Guillermo,,Ciego de Ávila,"Cayo Guillermo, Jardines del Rey, Ciego de Avila, Cuba 65 100",https://www.state.gov/cuba-prohibited-accommodations-list-initial-publication/
hotel-ciego-de-avila,Hotel Ciego de Ávila,,Ciego de Ávila,"Carretera de Ceballo, Km 2 ½, Ciego de Ávila, Cuba 65 100",https://www.state.gov/cuba-prohibited-accommodations-list-initial-publication/
hotel-moron,Hotel Morón,,Ciego de Ávila,"Avenida de Tarafa, Morón, Ciego de Ávila, Cuba 67 210",https://www.state.gov/cuba-prohibited-accommodations-list-initial-publication/
hotel-playa-coco-plus,Hotel Playa Coco Plus,,Ciego de Ávila,"Carretera a Cayo Guillermo, Cayo Coco, Jardines del Rey, Morón, Ciego de Ávila, Cuba 69 400",https://www.state.gov/cuba-prohibited-accommodations-list-initial-publication/
hotel-san-fernando,Hotel San Fernando,,Ciego de Ávila,"Avenida de Tarafa, Morón, Ciego de Ávila, Cuba 67 210",https://www.state.gov/cuba-prohibited-accommodations-list-initial-publication/
hotel-sitio-la-guira,Hotel Sitio La Güira,,Ciego de Ávila,"Cayo Coco, Cuba Sitio La Guira, Ciego De Avila, Cuba 65 200",https://www.state.gov/cuba-prohibited-accommodations-list-initial-publication/
iberostar-daiquiri,Iberostar Daiquiri,,Ciego de Ávila,"Cayo Guillermo, Jardines del Rey, Morón, Ciego de Ávila, Cuba 69 410",https://www.state.gov/cuba-prohibited-accommodations-list-initial-publication/
iberostar-playa-pilar,Iberostar Playa Pilar,,Ciego de Ávila,"Playa Pilar, Cayo Guillermo, Jardines del Rey, Morón, Ciego de Ávila, Cuba 67 210",https://www.state.gov/cuba-prohibited-accommodations-list-initial-publication/
la-casona,La Casona,,Ciego de Ávila,"Cristobal Colon #41, Morón, Ciego de Ávila, Cuba 67 210",https://www.state.gov/cuba-prohibited-accommodations-list-initial-publication/
melia-cayo-coco,Meliá Cayo Coco,,Ciego de Ávila,"Cayo Coco, Jardines del Rey, Ciego de Ávila, Cuba 69 400",https://www.state.gov/cuba-prohibited-accommodations-list-initial-publication/
melia-cayo-guillermo,Meliá Cayo Guillermo,,Ciego de Ávila,"Cayo Guillermo, Jardines del Rey, Morón, Ciego de Ávila, Cuba 69 410",https://www.state.gov/cuba-prohibited-accommodations-list-initial-publication/
melia-jardines-del-rey,Meliá Jardines del Rey,,Ciego de Ávila,"Playa Flamenco, Cayo Coco, Jardines del Rey, Morón, Ciego de Ávila, Cuba 69 400",https://www.state.gov/cuba-prohibited-accommodations-list-initial-publication/
memories-caribe,Memories Caribe,,Ciego de Ávila,"Cayo Coco, Jardines del Rey, Morón, Ciego de Ávila, Cuba  69 400",https://www.state.gov/cuba-prohibited-accommodations-list-initial-publication/
memories-flamenco,Memories Flamenco,,Ciego de Ávila,"Cayo Coco, Jardines del Rey, Ciego de Ávila, Cuba 69 400",https://www.state.gov/cuba-prohibited-accommodations-list-initial-publication/
mojito,Mojito,,Ciego de Ávila,"Ave. De los Hoteles, Cayo Coco, Ciego de Avila, Cuba 69 400",https://www.state.gov/cuba-prohibited-accommodations-list-initial-publication/
pestana-cayo-coco,Pestana Cayo Coco,Hotel Playa Paraiso,Ciego de Ávila,"Carretera Cayo Guillermo km 9 1/2 Cayo Coco, Morón, Ciego de Ávila, Cuba 69 400",https://www.state.gov/cuba-prohibited-accommodations-list-initial-publication/
pullman-cayo-coco,Pullman Cayo Coco,,Ciego de Ávila,"Playas Las Coloradas, Cayo Coco, Jardines del Rey, Morón, Ciego de Ávila, Cuba 69 400",https://www.state.gov/cuba-prohibited-accommodations-list-initial-publication/
rueda,Rueda,,Ciego de Ávila,"Independencia Esq. José María Agramonte, Ciego de Ávila, Cuba 65 200",https://www.state.gov/cuba-prohibited-accommodations-list-initial-publication/
sol-cayo-coco,Sol Cayo Coco,,Ciego de Ávila,"Cayo Coco, Jardines del Rey, Morón, Ciego de Ávila, Cuba 69 400",https://www.state.gov/cuba-prohibited-accommodations-list-initial-publication/
sol-cayo-guillermo,Sol Cayo Guillermo,,Ciego de Ávila,"Cayo Guillermo, Jardines del Rey, Morón, Ciego de Ávila, Cuba 69 400",https://www.state.gov/cuba-prohibited-accommodations-list-initial-publication/
tryp-cayo-coco,Tryp Cayo Coco,,Ciego de Ávila,"Cayo Coco, Jardines del Rey, Morón, Ciego de Ávila, Cuba 69 410",https://www.state.gov/cuba-prohibited-accommodations-list-initial-publication/
villa-gregorio,Villa Gregorio,,Ciego de Ávila,"Cayo Guillermo, Jardines del Rey, Ciego de Avila, Cuba 65 200",https://www.state.gov/cuba-prohibited-accommodations-list-initial-publication/
villa-punta-rasa,Villa Punta Rasa,,Ciego de Ávila,"Cayo Guillermo, Ciego De Avila, Cuba 65 200",https://www.state.gov/cuba-prohibited-accommodations-list-initial-publication/
brisas-santa-lucia,Brisas Santa Lucia,,Camagüey,"Avenida Tararaco, Santa Lucía, Nuevitas, Camagüey, Cuba 74 250",https://www.state.gov/cuba-prohibited-accommodations-list-initial-publication/
camaguey-colon-managed-by-melia-hotels-international,Camagüey Colón Managed By Meliá Hotels International,,Camagüey,"Republica No. 472 e/ San Martín y Santa Rita, Camagüey, Cuba 70 100",https://www.state.gov/cuba-prohibited-accommodations-list-initial-publication/
casa-santa-lucia-13,Casa Santa Lucia 13,,Camagüey,"Residencial, Santa Lucía, Camagüey, Cuba 70 100 *",https://www.state.gov/cuba-prohibited-accommodations-list-initial-publication/
casa-santa-lucia-6,Casa Santa Lucia 6,,Camagüey,"Residencial, Santa Lucía, Camagüey, Cuba 70 100 *",https://www.state.gov/cuba-prohibited-accommodations-list-initial-publication/
club-amigo-caracol,Club Amigo Caracol,,Camagüey,"Ave. Turística, Santa Lucía, Nuevitas, Camaguey, Cuba 74 250",https://www.state.gov/cuba-prohibited-accommodations-list-initial-publication/
club-amigo-mayanabo,Club Amigo Mayanabo,,Camagüey,"Ave. Tararaco, Playa Santa Lucía, Nuevitas, Camagüey, Cuba 74 250",https://www.state.gov/cuba-prohibited-accommodations-list-initial-publication/
coral-level-at-iberostar-selection-esmeralda,Coral Level at Iberostar Selection Esmeralda,,Camagüey,"Cayo Cruz, Archipielago Jardines del Rey, Camaguey, Cuba 72 200",https://www.state.gov/cuba-prohibited-accommodations-list-initial-publication/
el-colonial,El Colonial,,Camagüey,"Calle Ignacio Agramonte No. 406, entre República y Lope Recio, Camagüey, Cuba 70 100",https://www.state.gov/cuba-prohibited-accommodations-list-initial-publication/
el-marques,El Marqués,,Camagüey,"Cisneros No. 222 e/ Hermanos Agüero y Martí, Camagüey, Cuba 70 100",https://www.state.gov/cuba-prohibited-accommodations-list-initial-publication/
gran-club-santa-lucia,Gran Club Santa Lucia,,Camagüey,"Avenida Tararaco, Santa Lucía Beach, Nuevitas, Camagüey, Cuba 74 250",https://www.state.gov/cuba-prohibited-accommodations-list-initial-publication/
gran-hotel-managed-by-melia-hotels-international,Gran Hotel Managed By Meliá Hotels International,,Camagüey,"Maceo No. 64 e/ General Gómez e Ignacio Agramonte, Camaguey, Cuba 70 100",https://www.state.gov/cuba-prohibited-accommodations-list-initial-publication/
hotel-camaguey,Hotel Camagüey,,Camagüey,"Carretera Central Este, Km 4.5, Camaguey, Cuba  70 100",https://www.state.gov/cuba-prohibited-accommodations-list-initial-publication/
hotel-caonaba,Hotel Caonaba,,Camagüey,"Albaisa Esq. Martí, Nuevitas, Camagüey, Cuba 72 510",https://www.state.gov/cuba-prohibited-accommodations-list-initial-publication/
hotel-caracol,Hotel Caracol,,Camagüey,"Avenida Turística, Santa Lucía, Nuevitas, Camagüey, Cuba 74 250",https://www.state.gov/cuba-prohibited-accommodations-list-initial-publication/
hotel-costa-blanca,Hotel Costa Blanca,,Camagüey,"Ave Maternillo, Casa 1, Residencial Santa Lucía, Nuevitas, Camagüey, Cuba 74 250",https://www.state.gov/cuba-prohibited-accommodations-list-initial-publication/
hotel-e-camino-de-hierro,Hotel E Camino de Hierro,,Camagüey,"Calle Maceo No. 76, Plaza de la Soledad, Camagüey, Cuba 70 100",https://www.state.gov/cuba-prohibited-accommodations-list-initial-publication/
hotel-florida-camaguey,Hotel Florida,,Camagüey,"Carretera Central, Km 536, Florida, Camagüey, Cuba 72 810",https://www.state.gov/cuba-prohibited-accommodations-list-initial-publication/
hotel-isla-de-cuba,Hotel Isla de Cuba,,Camagüey,"San Esteban, No. 453, esq. a Popular, Camagüey, Cuba, 70 100",https://www.state.gov/cuba-prohibited-accommodations-list-initial-publication/
hotel-la-marina-plaza-spa,Hotel La Marina Plaza & Spa,,Camagüey,"Cayo Cruz, Archipielago Jardines del Rey, Camaguey, Cuba 72 200",https://www.state.gov/cuba-prohibited-accommodations-list-initial-publication/
hotel-plaza-camaguey,Hotel Plaza,Hotel Islazul Plaza Camaguey,Camagüey,"Calle Van Horne No. 1 e/ Republica y Avellaneda, Camaguey, Cuba 72 100",https://www.state.gov/cuba-prohibited-accommodations-list-initial-publication/
hotel-puerto-principe,Hotel Puerto Príncipe,,Camagüey,"Avenida de los Mártires No. 60, La Vigía, Camagüey, Cuba 70 100",https://www.state.gov/cuba-prohibited-accommodations-list-initial-publication/
hotel-tararaco,Hotel Tararaco,,Camagüey,"Avenida Tararaco, Playa Santa Lucía, Nuevitas, Camagüey, Cuba 74 250",https://www.state.gov/cuba-prohibited-accommodations-list-initial-publication/
la-avellaneda,La Avellaneda,,Camagüey,"Calle República No.226 e/ Agramonte y Callejón del Castellano, Camagüey, Cuba 70 100",https://www.state.gov/cuba-prohibited-accommodations-list-initial-publication/
la-sevillana,La Sevillana,,Camagüey,"Calle Cisneros, entre Hermanos Agüero y Martí, Camagüey 70 100",https://www.state.gov/cuba-prohibited-accommodations-list-initial-publication/
mayanabo,Mayanabo,,Camagüey,"Avenida Tararaco, Playa Santa Lucía, Nuevitas, Camagüey, Cuba 74 250",https://www.state.gov/cuba-prohibited-accommodations-list-initial-publication/
santa-lucia,Santa Lucía,,Camagüey,"Avenida Turística, Santa Lucía, Nuevitas, Camagüey, Cuba 74 250",https://www.state.gov/cuba-prohibited-accommodations-list-initial-publication/
santa-maria,Santa María,,Camagüey,"Cisneros No. 211 e/ Hermanos Agüero y Martí, Camagüey, Cuba 70 100",https://www.state.gov/cuba-prohibited-accommodations-list-initial-publication/
valentin-cayo-cruz,Valentin Cayo Cruz,,Camagüey,"Vial Secundario 1, Cayo Cruz, Jardines del Rey, Esmeralda, Camagüey, Cuba 72 200",https://www.state.gov/cuba-prohibited-accommodations-list-initial-publication/
covarrubias,Covarrubias,,Las Tunas,"Covarrubias Beach, Puerto Padre, Las Tunas, Cuba 77 200",https://www.state.gov/cuba-prohibited-accommodations-list-initial-publication/
hotel-cadillac,Hotel Cadillac,,Las Tunas,"Ángel Guardia e/ Francisco Vega y Francisco Varona, Las Tunas, Cuba 75 500",https://www.state.gov/cuba-prohibited-accommodations-list-initial-publication/
hotel-las-tunas,Hotel Las Tunas,,Las Tunas,"Ave. 2 de Diciembre e/ Ave. Carlos J. Finlay y Ave. 30 de Noviembre, Las Tunas, Cuba 75 500",https://www.state.gov/cuba-prohibited-accommodations-list-initial-publication/
hotel-guacanayabo,Hotel Guacanayabo,,Granma,"Avenida Camilo Cienfuegos, Manzanillo, Granma, Cuba 87 510",https://www.state.gov/cuba-prohibited-accommodations-list-initial-publication/
hotel-niquero,Hotel Niquero,,Granma,"Martí No. 100 esq. a Céspedes, Niquero, Granma, Cuba 87 800",https://www.state.gov/cuba-prohibited-accommodations-list-initial-publication/
hotel-royalton,Hotel Royalton,,Granma,"4 Libertad, Bayamo, Granma, Cuba 85 100",https://www.state.gov/cuba-prohibited-accommodations-list-initial-publication/
hotel-sierra-maestra,Hotel Sierra Maestra,,Granma,"Carretera a Santiago de Cuba, Km 7 e 1/2, Bayamo, Cuba 85 100",https://www.state.gov/cuba-prohibited-accommodations-list-initial-publication/
hotel-telegrafo-granma,Hotel Telégrafo,,Granma,"Calle Jose Antonio Saco, e/ Marmol y GG, Bayamo, Granma, Cuba 85 100",https://www.state.gov/cuba-prohibited-accommodations-list-initial-publication/
marea-del-portillo,Marea del Portillo,Club Amigo Marea del Portillo,Granma,"Carretera Granma Km. 12 ½, Marea del Portillo, Pilón, Granma, Cuba 87 900",https://www.state.gov/cuba-prohibited-accommodations-list-initial-publication/
villa-balcon-de-la-sierra,Villa Balcón de la Sierra,,Granma,"Carretera Providencia Km 1, Bartolomé Masó, Granma, Cuba 85 100",https://www.state.gov/cuba-prohibited-accommodations-list-initial-publication/
villa-bayamo,Villa Bayamo,,Granma,"Carretera Central vía Manzanillo, Km 5 ½, Bayamo, Granma, Cuba 85 100",https://www.state.gov/cuba-prohibited-accommodations-list-initial-publication/
villa-santo-domingo,Villa Santo Domingo,,Granma,"Carretera La Plata Km 16, Santo Domingo, Granma, Cuba 85 100",https://www.state.gov/cuba-prohibited-accommodations-list-initial-publication/
atlantico-guardalavaca,Atlántico – Guardalavaca,,Holguín,"Playa Guardalavaca, Banes, Holguín, Cuba 83 300",https://www.state.gov/cuba-prohibited-accommodations-list-initial-publication/
blau-costa-verde-beach-resort,Blau Costa Verde Beach & Resort,Fiesta Americana Holguín Costa Verde,Holguín,"Playa Pesquero, Rafael Freyre, Holguín, Cuba 83 300",https://www.state.gov/cuba-prohibited-accommodations-list-initial-publication/
brisas-covarrubias,Brisas Covarrubias,,Holguín,"Playa Covarrubias, Puerto Padre, Holguín, Cuba 77 200",https://www.state.gov/cuba-prohibited-accommodations-list-initial-publication/
brisas-guardalavaca,Brisas Guardalavaca,,Holguín,"Calle 2, Playa Guardalavaca, Banes, Holguín, Cuba 82 300",https://www.state.gov/cuba-prohibited-accommodations-list-initial-publication/
caballeriza,Caballeriza,,Holguín,"203 Miró Street e/ Luz Caballero y Aricochea, Holguín, Cuba 80 100",https://www.state.gov/cuba-prohibited-accommodations-list-initial-publication/
club-amigo-atlantico-guardalavaca,Club Amigo Atlantico Guardalavaca,,Holguín,"Carretera Guardalavaca, Playa Guardalavaca, Banes, Holguín, Cuba 82 300",https://www.state.gov/cuba-prohibited-accommodations-list-initial-publication/
coral-level-at-iberostar-selection-holguin,Coral Level At Iberostar Selection Holguín,,Holguín,"Estero, Playa Pesquero, Rafael Freyre, Holguín, Cuba 80 100",https://www.state.gov/cuba-prohibited-accommodations-list-initial-publication/
guardalavaca,Guardalavaca,,Holguín,"Playa Guardalavaca, Banes, Holguín, Cuba 83 300",https://www.state.gov/cuba-prohibited-accommodations-list-initial-publication/
hotel-holguin,Hotel Holguín,,Holguín,"Carretera Guardalavaca, Playa Yuraguanal, Rafael Freyre, Holguín, Cuba 83 300",https://www.state.gov/cuba-prohibited-accommodations-list-initial-publication/
hotel-miraflores,Hotel Miraflores,,Holguín,"Ave. Ave Calixto Garcia S/N Rpto. Miraflores, Moa, Holguín, Cuba 83 310",https://www.state.gov/cuba-prohibited-accommodations-list-initial-publication/
hotel-pernik,Hotel Pernik,,Holguín,"Ave. Jorge Dimitrov y Plaza de la Revolución, Holguín, Cuba 80 100",https://www.state.gov/cuba-prohibited-accommodations-list-initial-publication/
hotel-playa-costa-verde,Hotel Playa Costa Verde,,Holguín,"Playa Pesquero, Carretera a Guardalavaca, Rafael Freyre, Holguín. Cuba 83 300",https://www.state.gov/cuba-prohibited-accommodations-list-initial-publication/
hotel-playa-pesquero,Hotel Playa Pesquero,,Holguín,"Playa Pesquero, Carretera a Guardalavaca, Rafael Freyre, Holguín. Cuba 83 300.",https://www.state.gov/cuba-prohibited-accommodations-list-initial-publication/
iberostar-selection-holguin,Iberostar Selection Holguín,,Holguín,"Estero, Playa Pesquero, Rafael Freyre, Holguín,  Cuba 80 100",https://www.state.gov/cuba-prohibited-accommodations-list-initial-publication/
memories-holguin,Memories Holguín,,Holguín,"Playa Yuraguanal, Carretera Guardalavaca, Rafael Freyre, Holguín, Cuba 83 300",https://www.state.gov/cuba-prohibited-accommodations-list-initial-publication/
paradisus-rio-de-oro-resort-spa,Paradisus Río de Oro Resort & Spa,,Holguín,"Playa Esmeralda, Carretera Guardalavaca, Rafael Freyre, Holguín, Cuba 83 300",https://www.state.gov/cuba-prohibited-accommodations-list-initial-publication/
royal-service-at-paradisus-rio-de-oro,Royal Service at Paradisus Río de Oro,,Holguín,"Playa Esmeralda, Carretera Guardalavaca, Rafael Freyre, Holguín, Cuba 82 200",https://www.state.gov/cuba-prohibited-accommodations-list-initial-publication/
sol-rio-de-luna-y-mares,Sol Rio de Luna y Mares,,Holguín,"Playa Esmeralda, Carretera Guardalavaca, Holguín, Cuba 83 300",https://www.state.gov/cuba-prohibited-accommodations-list-initial-publication/
villa-cayo-naranjo,Villa Cayo Naranjo,,Holguín,"Bahía de Naranjo, Carretera a Guardalavaca, Rafael Freyre, Holguín. Cuba 83 300",https://www.state.gov/cuba-prohibited-accommodations-list-initial-publication/
villa-cayo-saetia,Villa Cayo Saetia,,Holguín,"Cayo Saetía, Bahía de Nipe, Mayarí, Holguín, Cuba 84 310",https://www.state.gov/cuba-prohibited-accommodations-list-initial-publication/
villa-don-lino,Villa Don Lino,Hotel Don Lino,Holguín,"Carretera a Playa Blanca Km 7 ½, Rafael Freyre, Holguín, Cuba 83 300",https://www.state.gov/cuba-prohibited-accommodations-list-initial-publication/
villa-el-bosque,Villa El Bosque,,Holguín,"Ave. Jorge Dimitrov, Esq. a 9na., Holguín, Cuba 80 100",https://www.state.gov/cuba-prohibited-accommodations-list-initial-publication/
villa-mirador-de-mayabe,Villa Mirador de Mayabe,,Holguín,"Carretera de Mayabe, km 8, Holguín, Cuba 80 100",https://www.state.gov/cuba-prohibited-accommodations-list-initial-publication/
villa-pinares-de-mayari,Villa Pinares de Mayari,,Holguín,"Loma La Mensura Pinares de Mayarí, Mayarí, Holguín, Cuba 83 000",https://www.state.gov/cuba-prohibited-accommodations-list-initial-publication/
brisas-los-galeones,Brisas Los Galeones,,Santiago de Cuba,"Carretera Chivirico, Guamá, Santiago de Cuba, Cuba 92 800",https://www.state.gov/cuba-prohibited-accommodations-list-initial-publication/
brisas-sierra-mar,Brisas Sierra Mar,,Santiago de Cuba,"Carretera Chivirico, km 60, Guamá, Santiago de Cuba, Cuba 92 800",https://www.state.gov/cuba-prohibited-accommodations-list-initial-publication/
casa-granda,Casa Granda,,Santiago de Cuba,"Calle Heredia # 201 esq. San Pedro, Santiago de Cuba, Cuba 90 100",https://www.state.gov/cuba-prohibited-accommodations-list-initial-publication/
club-amigo-carisol-los-corales,Club Amigo Carisol – Los Corales,Carisol – Los Corales,Santiago de Cuba,"Carr. Baconao, Km. 51, Playa Cazonal, Santiago de Cuba, Cuba 90 100",https://www.state.gov/cuba-prohibited-accommodations-list-initial-publication/
costa-morena,Costa Morena,,Santiago de Cuba,"Carretera de Baconao Km 38 1/2 Baconao Park, Sigua, Santiago de Cuba, Cuba 90 100",https://www.state.gov/cuba-prohibited-accommodations-list-initial-publication/
el-cobre,El Cobre,,Santiago de Cuba,"Calle Aurelio Fernández esquina Avenida Antolín Cebreco, Poblado del Cobre, Santiago de Cuba, Cuba 90 100",https://www.state.gov/cuba-prohibited-accommodations-list-initial-publication/
hotel-balcon-del-caribe,Hotel Balcón del Caribe,,Santiago de Cuba,"Carretera del Morro Km 7½, Santiago de Cuba, Cuba 90 100",https://www.state.gov/cuba-prohibited-accommodations-list-initial-publication/
hotel-deportivo,Hotel Deportivo,,Santiago de Cuba,"Prolongación, Calle E, S/N, Reparto Terraza, Santiago de Cuba, Cuba 90 100",https://www.state.gov/cuba-prohibited-accommodations-list-initial-publication/
hotel-e-imperial,Hotel E Imperial,,Santiago de Cuba,"Calle Enramadas, No. 251, e/ Calle General José Lacret Morlot y Félix Pena, Santiago de Cuba, Cuba 90 100",https://www.state.gov/cuba-prohibited-accommodations-list-initial-publication/
hotel-e-san-felix,Hotel E San Felix,,Santiago de Cuba,"Calle Enramadas, Esq. San Felix, Santiago de Cuba, Cuba 90 100",https://www.state.gov/cuba-prohibited-accommodations-list-initial-publication/
hotel-gran-piedra,Hotel Gran Piedra,,Santiago de Cuba,"Carretera de la Gran Piedra, Km 14, Santiago de Cuba, Cuba 90 100",https://www.state.gov/cuba-prohibited-accommodations-list-initial-publication/
hotel-libertad,Hotel Libertad,,Santiago de Cuba,"Calle Aguilera No. 658, e/ Serafín Sánchez y Pérez Carbó, Santiago de Cuba, Cuba 90 100",https://www.state.gov/cuba-prohibited-accommodations-list-initial-publication/
hotel-rancho-club,Hotel Rancho Club,,Santiago de Cuba,"Carretera Central Km 4 1/2 Altos de Quintero, Santiago de Cuba, Cuba 90 100",https://www.state.gov/cuba-prohibited-accommodations-list-initial-publication/
hotel-rex,Hotel REX,,Santiago de Cuba,"Ave Victoriano Garzón esq a Felix Pérez Carbó, Plaza de Marte, Santiago de Cuba, Cuba 90 100",https://www.state.gov/cuba-prohibited-accommodations-list-initial-publication/
hotel-san-juan,Hotel San Juan,,Santiago de Cuba,"Carretera de Siboney Km 1½, Santiago de Cuba, Cuba 90 100",https://www.state.gov/cuba-prohibited-accommodations-list-initial-publication/
las-americas,Las Américas,,Santiago de Cuba,"Ave. de las Americas y General Cebreco, Santiago de Cuba, Cuba 90 100",https://www.state.gov/cuba-prohibited-accommodations-list-initial-publication/
los-galeones,Los Galeones,,Santiago de Cuba,"Chivirico, Guamá, Santiago de Cuba, Cuba 90 100",https://www.state.gov/cuba-prohibited-accommodations-list-initial-publication/
los-peregrinos,Los Peregrinos,,Santiago de Cuba,"Aurelio Fernandez Street y Antolin Cebreco Avenue, El Cobre, Santiago de Cuba, Cuba 90 100",https://www.state.gov/cuba-prohibited-accommodations-list-initial-publication/
melia-santiago-de-cuba,Meliá Santiago de Cuba,,Santiago de Cuba,"Avenida de las Américas y Calle M, Reparto Sueño, Santiago de Cuba, Cuba 90 400",https://www.state.gov/cuba-prohibited-accommodations-list-initial-publication/
punta-gorda,Punta Gorda,,Santiago de Cuba,Carretera de Punta Gorda S/N. Reparto Punta Gorda 90 100,https://www.state.gov/cuba-prohibited-accommodations-list-initial-publication/
san-basilio,San Basilio,Hotel E San Basilio,Santiago de Cuba,"Calle San Basilio No 403 e/ Calvario y Carnicería, Santiago de Cuba, Cuba 90 100",https://www.state.gov/cuba-prohibited-accommodations-list-initial-publication/
segundo-frente,Segundo Frente,,Santiago de Cuba,"Los Pinos, Poblado de Mayarí Arriba, Segundo Frente, Santiago de Cuba, Cuba 90 100",https://www.state.gov/cuba-prohibited-accommodations-list-initial-publication/
sierra-mar,Sierra Mar,,Santiago de Cuba,"Carretera Chivirico, Km. 60, Guamá, Santiago de Cuba, Cuba 90 100",https://www.state.gov/cuba-prohibited-accommodations-list-initial-publication/
versalles,Versalles,,Santiago de Cuba,"Alturas Versalles, Km 1 ½ Santiago de Cuba, Cuba 90 100",https://www.state.gov/cuba-prohibited-accommodations-list-initial-publication/
villa-gaviota-santiago,Villa Gaviota Santiago,,Santiago de Cuba,"502 Ave. Manduley, Santiago de Cuba, Cuba 90 100",https://www.state.gov/cuba-prohibited-accommodations-list-initial-publication/
hostal-1511,Hostal 1511,,Guantánamo,"Ciro Frias Entre Maceo y Ruber Lopez 26, Baracoa, Cuba 97 310",https://www.state.gov/cuba-prohibited-accommodations-list-initial-publication/
hostal-la-habanera,Hostal La Habanera,,Guantánamo,"Calle Maceo esq. a Frank Pais, Baracoa, Cuba 97 310",https://www.state.gov/cuba-prohibited-accommodations-list-initial-publication/
hostal-la-rusa,Hostal La Rusa,,Guantánamo,"Maximo Gomez 161, Baracoa, Cuba 97 310",https://www.state.gov/cuba-prohibited-accommodations-list-initial-publication/
hostal-rio-miel,Hostal Rio Miel,,Guantánamo,"Ave. Malecon esq. Ciro Frias, Baracoa, Cuba 97 310",https://www.state.gov/cuba-prohibited-accommodations-list-initial-publication/
hotel-baracoa,Hotel Baracoa,,Guantánamo,"24 de Febrero esquina Ave. Malecón Baracoa, Guantanamo, Cuba 97 310",https://www.state.gov/cuba-prohibited-accommodations-list-initial-publication/
hotel-caimanera,Hotel Caimanera,,Guantánamo,"Loma Norte, Caimanera, Guantánamo, Cuba 97 800",https://www.state.gov/cuba-prohibited-accommodations-list-initial-publication/
hotel-el-castillo,Hotel El Castillo,,Guantánamo,"Calixto Garcia St., Baracoa, Cuba 97 310",https://www.state.gov/cuba-prohibited-accommodations-list-initial-publication/
hotel-faro-de-maisi,Hotel Faro de Maisí,,Guantánamo,"La Asuncion, Maisí, Guantánamo, Cuba 99 320",https://www.state.gov/cuba-prohibited-accommodations-list-initial-publication/
hotel-guantanamo,Hotel Guantánamo,,Guantánamo,"Calle 13 Norte Guantánamo, Cuba 95 100",https://www.state.gov/cuba-prohibited-accommodations-list-initial-publication/
hotel-marti,Hotel Martí,,Guantánamo,"Calixto Garcia Esquina Aguilera, Guantanamo, Cuba 95 100",https://www.state.gov/cuba-prohibited-accommodations-list-initial-publication/
hotel-porto-santo,Hotel Porto Santo,,Guantánamo,"Carretera del Aeropuerto, Baracoa, Cuba 97 310",https://www.state.gov/cuba-prohibited-accommodations-list-initial-publication/
villa-la-lupe,Villa La Lupe,,Guantánamo,"Carretera El Salvador, Km 3. 5, Guantanamo, Cuba 95 100",https://www.state.gov/cuba-prohibited-accommodations-list-initial-publication/
villa-maguana,Villa Maguana,,Guantánamo,"Carretera a Moa, Baracoa, Cuba 97 310",https://www.state.gov/cuba-prohibited-accommodations-list-initial-publication/
villa-punta-de-maisi,Villa Punta de Maisí,,Guantánamo,"Punta de Maisí, Guantánamo, Cuba 95 100",https://www.state.gov/cuba-prohibited-accommodations-list-initial-publication/
bella-isla-resort,Bella Isla Resort,,Isla de la Juventud,"Cayo Largo del Sur, Archipiélago de los Canarreos, Isla de la Juventud, Cuba 69 400",https://www.state.gov/cuba-prohibited-accommodations-list-initial-publication/
bellarena,Bellarena,,Isla de la Juventud,"Cayo Largo del Sur, Archipiélago de los Canarreos, Isla de la Juventud, Cuba 69 400",https://www.state.gov/cuba-prohibited-accommodations-list-initial-publication/
hotel-colony,Hotel Colony,,Isla de la Juventud,"Carretera Siguanea Km 42, Nueva Gerona, Cuba 25 100",https://www.state.gov/cuba-prohibited-accommodations-list-initial-publication/
hotel-pelicano,Hotel Pelicano,,Isla de la Juventud,"Cayo Largo del Sur, Archipiélago de los Canarreos, Isla de la Juventud, Cuba 69 400",https://www.state.gov/cuba-prohibited-accommodations-list-initial-publication/
rancho-el-tesoro,Rancho El Tesoro,,Isla de la Juventud,"Carretara Autopista km 2 1/2, Nueva Gerona, Cuba  25100",https://www.state.gov/cuba-prohibited-accommodations-list-initial-publication/
sol-cayo-largo,Sol Cayo Largo,,Isla de la Juventud,"Cayo Largo del Sur, Archipiélago de los Canarreos, Isla de la Juventud, Cuba 27 900",https://www.state.gov/cuba-prohibited-accommodations-list-initial-publication/
villa-iguana,Villa Iguana,,Isla de la Juventud,"Cayo Largo del Sur, Archipiélago de los Canarreos, Isla de la Juventud, Cuba 69 400",https://www.state.gov/cuba-prohibited-accommodations-list-initial-publication/
villa-isla-de-la-juventud,Villa Isla de la Juventud,,Isla de la Juventud,"Carretera La Fe Km 1 ½, Nueva Gerona, Isla de la Juventud, Cuba 25 100",https://www.state.gov/cuba-prohibited-accommodations-list-initial-publication/
grand-aston-la-habana,Grand Aston La Habana,,Havana,"Avenida Malecón entre 1era y Calle D Havana Province of Havana, La Habana, Cuba",https://www.state.gov/cuba-sanctions/cuba-prohibited-accommodations-list
iberostar-selection-la-habana,Iberostar Selection La Habana,Torre K,Havana,"Calle K Entre 23 Y 25, Havana 10400 Cuba",https://www.state.gov/cuba-sanctions/cuba-prohibited-accommodations-list
innside-habana-catedral,INNSiDE Habana Catedral,,Havana,"Empedrado 113 esq. Mercaderes, La Habana, Cuba",https://www.state.gov/cuba-sanctions/cuba-prohibited-accommodations-list
grand-aston-varadero-beach-resort,Grand Aston Varadero Beach Resort,,Matanzas,"Vía Blanca, Km 130, Varadero, Cardenas, Matanzas, Cuba 42110",https://www.state.gov/cuba-sanctions/cuba-prohibited-accommodations-list
varadero-sol-caribe,Varadero Sol Caribe,,Matanzas,"Avda. Las Américas y Calle K, Varadero",https://www.state.gov/cuba-sanctions/cuba-prohibited-accommodations-list
melia-trinidad-peninsula,Meliá Trinidad Península,,Sancti Spíritus,"Playa María Aguilar, Carr. a Ancón, Trinidad, Cuba",https://www.state.gov/cuba-sanctions/cuba-prohibited-accommodations-list
melia-costa-rey,Meliá Costa Rey,,Ciego de Ávila,"Cayo Coco, Playas Las Coloradas, 67210, Cuba",https://www.state.gov/cuba-sanctions/cuba-prohibited-accommodations-list
sol-turquesa-beach,Sol Turquesa Beach,,Holguín,"Carretera Yuraguanal km 2. Playa Yuraguanal, Rafael Freyre Holguín, Cuba",https://www.state.gov/cuba-sanctions/cuba-prohibited-accommodations-list
