schema,name,aliases,topics,program,authority,reason,report-date,start-date,end-date,country,notes,source_url
Person,Adolfo Salume Artinano,,,Section 353(b) of the United States - Northern Triangle Enhanced Engagement Act,United States Department of State,engaged in significant corruption and undermined democratic processes and institutions by bribing a Supreme Court Magistrate to avoid paying a fine.,2021,,December 2023,EL SALVADOR,,https://www.state.gov/reports/section-353-corrupt-and-undemocratic-actors-report/
Person,Aldo Martín Sáenz Ulloa,,,Section 353(b) of the United States - Northern Triangle Enhanced Engagement Act,United States Department of State,"a current sub-director of the UAF, undermined democratic processes or institutions by taking part in a coordinated campaign to retaliate against critics of the Ortega-Murillo regime and to suppress dissent, using his position to facilitate asset seizures from 94 political dissidents in exile and 222 former political prisoners, without any legal basis.",2023,,December 2023,NICARAGUA,,https://www.state.gov/reports/section-353-corrupt-and-undemocratic-actors-report/
Person,Alejandro Enrique Genet Cruz,,,Section 353(b) of the United States - Northern Triangle Enhanced Engagement Act,United States Department of State,"rector of Casimiro Sotelo University (formerly Central American University), undermined democratic processes or institutions by taking part in a coordinated campaign to retaliate against critics of the Ortega-Murillo regime and to suppress dissent by using his position to create policies that punish Casimiro Sotelo University faculty and students who do not take part in political activities for Ortega’s Sandinista National Liberation Front political party.",2023,,December 2023,NICARAGUA,,https://www.state.gov/reports/section-353-corrupt-and-undemocratic-actors-report/
Person,Alejandro Jorge Sinbaldi Aparicio,,,Section 353(b) of the United States - Northern Triangle Enhanced Engagement Act,United States Department of State,"former Minister of Communications, Infrastructure, and Housing, engaged in significant corruption when he participated in bribery and illegal electoral financing, and the laundering of the proceeds of corruption for personal gain. He is designated under Section 7031(c) for involvement in significant corruption.",2021,,December 2023,GUATEMALA,,https://www.state.gov/reports/section-353-corrupt-and-undemocratic-actors-report/
Person,Alejandro Mejia Ferreti,,,Section 353(b) of the United States - Northern Triangle Enhanced Engagement Act,United States Department of State,"the current third secretary of the National Assembly, undermined democratic processes and institutions by taking part in coordinated government retaliation to strip Nicaraguan citizenship from political opponents and critics of the Ortega-Murillo regime.",2023,,December 2023,NICARAGUA,,https://www.state.gov/reports/section-353-corrupt-and-undemocratic-actors-report/
Person,Alex Alberto Moraes Giron,,,Section 353(b) of the United States - Northern Triangle Enhanced Engagement Act,United States Department of State,"a former administrative manager of state-owned Strategic Investment of Honduras, engaged in significant corruption by misappropriating public funds during the COVID-19 pandemic, including by defrauding the Honduran government of approximately $1.6 million intended for facemasks to be used by medical personnel.",2023,,December 2023,HONDURAS,,https://www.state.gov/reports/section-353-corrupt-and-undemocratic-actors-report/
Person,Alexander Lopez Orellana,,,Section 353(b) of the United States - Northern Triangle Enhanced Engagement Act,United States Department of State,"the current mayor of El Progreso and secretary general of the Liberal Party’s Central Executive Council, engaged in significant corruption by improperly awarding multi-million dollar municipal contracts to his political allies.",2023,,December 2023,HONDURAS,,https://www.state.gov/reports/section-353-corrupt-and-undemocratic-actors-report/
Person,Alvaro Colom Caballeros,,,Section 353(b) of the United States - Northern Triangle Enhanced Engagement Act,United States Department of State,"former president, engaged in significant corruption when he participated in fraud and embezzlement involving a new bus system in Guatemala City known as Transurbano.",2021,,December 2023,GUATEMALA,,https://www.state.gov/reports/section-353-corrupt-and-undemocratic-actors-report/
Person,Andrea del Carmen Salas,,,Section 353(b) of the United States - Northern Triangle Enhanced Engagement Act,United States Department of State,"a prosecutor in the Public Prosecutor’s Office headquarters in Managua, undermined democratic processes or institutions by bringing spurious charges in order to jail regime opponents in the leadup to national elections.",2022,,December 2023,NICARAGUA,,https://www.state.gov/reports/section-353-corrupt-and-undemocratic-actors-report/
Person,Andrés Grégori Rodríguez,,,Section 353(b) of the United States - Northern Triangle Enhanced Engagement Act,United States Department of State,"commissioner of the Institute for Access to Public Information, undermined democratic processes or institutions by purposefully and wrongfully blocking access to public information through his position as a commissioner.",2023,,December 2023,EL SALVADOR,,https://www.state.gov/reports/section-353-corrupt-and-undemocratic-actors-report/
Person,Angel Jancarlos Fernandez Gonzalez,,,Section 353(b) of the United States - Northern Triangle Enhanced Engagement Act,United States Department of State,"a judge, undermined democratic processes or institutions when he convicted and sentenced prodemocracy leaders on vague, false charges of “undermining national integrity” in the sham trials of private sector leaders Luis Rivas, Michael Healy, and Alvaro Vargas; former Sandinista leader Dora Maria Tellez; opposition leaders Jose Antonio Peraza and Victor Hugo Tinoco.",2022,,December 2023,NICARAGUA,,https://www.state.gov/reports/section-353-corrupt-and-undemocratic-actors-report/
Person,Angela Davila Navarrete,,,Section 353(b) of the United States - Northern Triangle Enhanced Engagement Act,United States Department of State,"a current appeals court judge in the Criminal Appeals Court of Managua, undermined democratic processes or institutions by using the appeals court to facilitate a coordinated government campaign to retaliate against critics of the Ortega-Murillo regime and suppress dissent by stripping Nicaraguan citizenship from political opponents and critics of the Ortega-Murillo regime.",2023,,December 2023,NICARAGUA,,https://www.state.gov/reports/section-353-corrupt-and-undemocratic-actors-report/
Person,Arling Patricia Alonso Gomez,,,Section 353(b) of the United States - Northern Triangle Enhanced Engagement Act,United States Department of State,"the current first vice president of the National Assembly, undermined democratic processes or institutions by taking part in coordinated government retaliation to strip Nicaraguan citizenship from political opponents and critics of the Ortega-Murillo regime.",2023,,December 2023,NICARAGUA,,https://www.state.gov/reports/section-353-corrupt-and-undemocratic-actors-report/
Person,Audelia Rodriguez Rodrigo,,,Section 353(b) of the United States - Northern Triangle Enhanced Engagement Act,United States Department of State,"current member of congress, engaged in significant corruption by misappropriating funds from the publicly funded Limpieza de Solares y Calles development project to her personal accounts.",2021,,December 2023,HONDURAS,,https://www.state.gov/reports/section-353-corrupt-and-undemocratic-actors-report/
Person,Augusto Domingo Cruz Asensio,,,Section 353(b) of the United States - Northern Triangle Enhanced Engagement Act,United States Department of State,"former member of congress, engaged in significant corruption by misappropriating funds from the public Generacion employment program to personal accounts.",2021,,December 2023,HONDURAS,,https://www.state.gov/reports/section-353-corrupt-and-undemocratic-actors-report/
Person,Auxiliadora del Carmen Sequeira Suazo,,,Section 353(b) of the United States - Northern Triangle Enhanced Engagement Act,United States Department of State,"a prosecutor in Esteli, undermined democratic processes or institutions by bringing the regime’s case against pro-democracy activist and political prisoner Alexis Peralta and by pursuing spurious charges, convictions, and harsh sentences against regime opponents.",2022,,December 2023,NICARAGUA,,https://www.state.gov/reports/section-353-corrupt-and-undemocratic-actors-report-2022/
Person,Axel Arturo Samayoa Camacho,,,Section 353(b) of the United States - Northern Triangle Enhanced Engagement Act,United States Department of State,"the owner of several trucking and shipping companies operating in the government-run EMPORNAC (Atlantic) and EPQ (Pacific) ports, engaged in significant corruption by improperly colluding with public officials and paying bribes to ensure his companies won lucrative port contracts.",2022,,December 2023,GUATEMALA,,https://www.state.gov/reports/section-353-corrupt-and-undemocratic-actors-report-2022/
Person,Blanca Aida Stalling Davila,,,Section 353(b) of the United States - Northern Triangle Enhanced Engagement Act,United States Department of State,"former Supreme Court Justice, engaged in significant corruption by participating in bribery schemes and inappropriately influencing the judicial branch. She is designated under Section 7031(c) for involvement in significant corruption.",2021,,December 2023,GUATEMALA,,https://www.state.gov/reports/section-353-corrupt-and-undemocratic-actors-report/
Person,Boris Roberto Espana Caceres,,,Section 353(b) of the United States - Northern Triangle Enhanced Engagement Act,United States Department of State,"current congressional representative in the Guatemalan Congress, engaged in significant corruption when he participated in influence peddling and bribery.",2021,,December 2023,GUATEMALA,,https://www.state.gov/reports/section-353-corrupt-and-undemocratic-actors-report/
Person,Carlos Alberto Ortiz,,,Section 353(b) of the United States - Northern Triangle Enhanced Engagement Act,United States Department of State,"a former president of Banco Hipotecario, a state-owned bank, engaged in significant corruption by laundering $97 million in exchange for $72,000 in bribes.",2023,,December 2023,EL SALVADOR,,https://www.state.gov/reports/section-353-corrupt-and-undemocratic-actors-report-2023/
Person,Carlos Armando Reyes Ramos,,,Section 353(b) of the United States - Northern Triangle Enhanced Engagement Act,United States Department of State,"current member of the Legislative Assembly, obstructed investigations into corruption by inappropriately influencing the Supreme Court Magistrate selection process.",2021,,December 2023,EL SALVADOR,,https://www.state.gov/reports/section-353-corrupt-and-undemocratic-actors-report/
Person,Carlos Enrique Cruz Arana,,,Section 353(b) of the United States - Northern Triangle Enhanced Engagement Act,United States Department of State,"a former vice president of Banco Hipotecario, a state-owned bank, engaged in significant corruption by laundering $94.5 million in exchange for $64,500 in bribes.",2023,,December 2023,EL SALVADOR,,https://www.state.gov/reports/section-353-corrupt-and-undemocratic-actors-report-2023/
Person,Carlos Estuardo Galvez Barrios,,,Section 353(b) of the United States - Northern Triangle Enhanced Engagement Act,United States Department of State,"former Rector of the University of San Carlos (USAC), undermined the democratic process or institutions by using his standing in the legal community to influence members of the judicial nomination commission in the facilitation of the “Parallel Commissions 2020” scheme to stack the Supreme Court and Appellate Courts with corrupt judges.",2022,,December 2023,GUATEMALA,,https://www.state.gov/reports/section-353-corrupt-and-undemocratic-actors-report-2022/
Person,Carlos Josue Montes Rodriguez,,,Section 353(b) of the United States - Northern Triangle Enhanced Engagement Act,United States Department of State,"Vice Secretary of Labor in 2011, engaged in significant corruption by accepting bribes to improperly award contracts to political allies and to expedite payments.",2022,,December 2023,HONDURAS,,https://www.state.gov/reports/section-353-corrupt-and-undemocratic-actors-report-2022/
Person,Carlos Josué Romero Puerto,,,Section 353(b) of the United States - Northern Triangle Enhanced Engagement Act,United States Department of State,"Project Coordinator for Bono10 Mil, transferred proceeds of corruption when he aided the misappropriation of more than $500,000 from Bono 10 Mil, a presidential project aimed at reducing rural poverty.",2022,,December 2023,HONDURAS,,https://www.state.gov/reports/section-353-corrupt-and-undemocratic-actors-report-2022/
Person,Carlos Mauricio Funes Cartagena,,,Section 353(b) of the United States - Northern Triangle Enhanced Engagement Act,United States Department of State,"a former president of El Salvador, engaged in significant corruption by orchestrating and participating in several schemes involving bribery, embezzlement, and money laundering while president, pilfering hundreds of millions of dollars from state coffers.",2023,,December 2023,EL SALVADOR,,https://www.state.gov/reports/section-353-corrupt-and-undemocratic-actors-report-2023/
Person,Carlos Rafael Espinoza Castilla,,,Section 353(b) of the United States - Northern Triangle Enhanced Engagement Act,United States Department of State,"a prosecutor, undermined democratic processes or institutions by bringing spurious charges in order to jail regime opponents in the leadup to national elections.",2022,,December 2023,NICARAGUA,,https://www.state.gov/reports/section-353-corrupt-and-undemocratic-actors-report-2022/
Person,Carol Vanessa Alvarado Izaguirre,,,Section 353(b) of the United States - Northern Triangle Enhanced Engagement Act,United States Department of State,"Finance Manager at the Presidential Palace in 2014, transferred proceeds of corruption when she aided the misappropriation of more than $500,000 from Bono 10 Mil, a presidential project aimed at reducing rural poverty.",2022,,December 2023,HONDURAS,,https://www.state.gov/reports/section-353-corrupt-and-undemocratic-actors-report-2022/
Person,Cecilia Coronada Alvarenga de Figueroa,,,Section 353(b) of the United States - Northern Triangle Enhanced Engagement Act,United States Department of State,"spouse of former Public Security Minister Rene Mario Figueroa Figueroa, facilitated the transfer of proceeds of corruption when she assisted her husband in laundering over $3 million in public funds, while her husband was Minister of Public Security during the Saca administration.",2022,,December 2023,EL SALVADOR,,https://www.state.gov/reports/section-353-corrupt-and-undemocratic-actors-report-2022/
Person,Christian Reynaldo Guevara Guadron,,,Section 353(b) of the United States - Northern Triangle Enhanced Engagement Act,United States Department of State,"Legislative Assembly Deputy and Nuevas Ideas Party’s Chief of Faction, undermined democratic processes or institutions when he introduced a Gang Prohibition Law that will punish with up to 15 years in prison the dissemination of gang messages in the media, considered by many observers to be a clear attempt to censor the media.",2022,,December 2023,EL SALVADOR,,https://www.state.gov/reports/section-353-corrupt-and-undemocratic-actors-report-2022/
Person,Cinthia Edelmira Monterroso Gómez,,,Section 353(b) of the United States - Northern Triangle Enhanced Engagement Act,United States Department of State,"a current prosecutor, undermined democratic processes or institutions by bringing unsubstantiated, politically motivated criminal charges against journalists for exercising their freedom of expression as protected by Guatemalan law.",2023,,December 2023,GUATEMALA,,https://www.state.gov/reports/section-353-corrupt-and-undemocratic-actors-report-2023/
Person,Claudia Yamilia Noriega González,,,Section 353(b) of the United States - Northern Triangle Enhanced Engagement Act,United States Department of State,"Project Coordinator for the “Catracha Card” Program from 2010 to 2014, transferred proceeds of corruption when she aided the misappropriation of more than $500,000 from Bono 10 Mil, a presidential project aimed at reducing rural poverty.",2022,,December 2023,HONDURAS,,https://www.state.gov/reports/section-353-corrupt-and-undemocratic-actors-report-2022/
Person,Conan Tonathiu Castro Ramírez,,,Section 353(b) of the United States - Northern Triangle Enhanced Engagement Act,United States Department of State,"current Legal Advisor to the President, undermined democratic processes or institutions by assisting in the inappropriate removal of five Supreme Court Magistrates and the Attorney General.",2021,,December 2023,EL SALVADOR,,https://www.state.gov/reports/section-353-corrupt-and-undemocratic-actors-report/
Person,Cristian Adolfo Sánchez,,,Section 353(b) of the United States - Northern Triangle Enhanced Engagement Act,United States Department of State,"engaged in significant corruption by participating in a scheme that defrauded the Honduran government of more than $300,000 and colluded with Ministry of Health officials to improperly award government contracts.",2023,,December 2023,HONDURAS,,https://www.state.gov/reports/section-353-corrupt-and-undemocratic-actors-report-2023/
Person,Delia Bac Alvarado,,,Section 353(b) of the United States - Northern Triangle Enhanced Engagement Act,United States Department of State,"former congressional representative, engaged in significant corruption through her misuse of public funds for personal benefit. She is designated under Section 7031(c) for involvement in significant corruption.",2021,,December 2023,GUATEMALA,,https://www.state.gov/reports/section-353-corrupt-and-undemocratic-actors-report/
Person,Denis Membreño Rivas,,,Section 353(b) of the United States - Northern Triangle Enhanced Engagement Act,United States Department of State,"the current director of the Financial Analysis Unit (UAF), the Nicaraguan government’s financial crimes unit, undermined democratic processes or institutions by taking part in a coordinated campaign to suppress dissent, using his position to facilitate asset seizures from 94 political dissidents in exile and 222 former political prisoners, without any legal basis.",2023,,December 2023,NICARAGUA,,https://www.state.gov/reports/section-353-corrupt-and-undemocratic-actors-report-2023/
Person,Dennis Billy Herrera Arita,,,Section 353(b) of the United States - Northern Triangle Enhanced Engagement Act,United States Department of State,"a Guatemalan lawyer, undermined the democratic process or institutions by participating in the “Parallel Commissions 2020” scheme to stack the Supreme and Appellate Courts with corrupt judges.",2022,,December 2023,GUATEMALA,,https://www.state.gov/reports/section-353-corrupt-and-undemocratic-actors-report-2022/
Person,Dennys Antonio Sanchez Fernandez,,,Section 353(b) of the United States - Northern Triangle Enhanced Engagement Act,United States Department of State,"current member of congress, engaged in significant corruption by misappropriating funds from a public pest control program in his home department of Santa Barbara to his personal accounts.",2021,,December 2023,HONDURAS,,https://www.state.gov/reports/section-353-corrupt-and-undemocratic-actors-report/
Person,Edgar Humberto Navarro Castro,,,Section 353(b) of the United States - Northern Triangle Enhanced Engagement Act,United States Department of State,"a former president of Guatemala’s energy wholesale market administrator, engaged in significant corruption by providing official benefits in exchange for bribes and kickbacks, at the expense of improving energy efficiency and taking effective action against climate change.",2023,,December 2023,GUATEMALA,,https://www.state.gov/reports/section-353-corrupt-and-undemocratic-actors-report-2023/
Person,Edgardo Antonio Casaña Mejia,,,Section 353(b) of the United States - Northern Triangle Enhanced Engagement Act,United States Department of State,"a current member of Congress, engaged in significant corruption by improperly restructuring the National Institute for Teachers’ Pensions to direct more than $5 million in benefits to political allies and constituents, in order to secure votes and maintain political power.",2022,,December 2023,HONDURAS,,https://www.state.gov/reports/section-353-corrupt-and-undemocratic-actors-report-2022/
Person,Edna Yolany Batres Cruz,,,Section 353(b) of the United States - Northern Triangle Enhanced Engagement Act,United States Department of State,"a former minister of health, engaged in significant corruption when she defrauded the Honduran government of more than $300,000 by colluding with Ministry of Health officials and private-sector businesspeople to improperly award government contracts.",2023,,December 2023,HONDURAS,,https://www.state.gov/reports/section-353-corrupt-and-undemocratic-actors-report-2023/
Person,Eduardo Celestino Ortega Roa,,,Section 353(b) of the United States - Northern Triangle Enhanced Engagement Act,United States Department of State,"a current deputy director of the DNR, undermined democratic processes or institutions by using his position and influence to facilitate a coordinated government effort to confiscate the property of political opponents.",2023,,December 2023,NICARAGUA,,https://www.state.gov/reports/section-353-corrupt-and-undemocratic-actors-report-2023/
Person,Elden Vasquez,,,Section 353(b) of the United States - Northern Triangle Enhanced Engagement Act,United States Department of State,"current congressional representative, engaged in significant corruption through the misappropriation of $12.5 million from the Secretariat of Agriculture to political campaigns for his personal gain. He was indicted in the Pandora MACCIH-investigated corruption case in June 2018.",2021,,December 2023,HONDURAS,,https://www.state.gov/reports/section-353-corrupt-and-undemocratic-actors-report/
Person,Elder de Jesús Súchite Vargas,,,Section 353(b) of the United States - Northern Triangle Enhanced Engagement Act,United States Department of State,"former Minister of Culture, engaged in significant corruption related to government contracts and influence peddling for personal gain.",2021,,December 2023,GUATEMALA,,https://www.state.gov/reports/section-353-corrupt-and-undemocratic-actors-report/
Person,Eleazar Alexander Juarez Sarabia,,,Section 353(b) of the United States - Northern Triangle Enhanced Engagement Act,United States Department of State,"former member of congress, engaged in significant corruption by misappropriating funds from a public pest control program in his home department of Valle to his personal accounts.",2021,,December 2023,HONDURAS,,https://www.state.gov/reports/section-353-corrupt-and-undemocratic-actors-report/
Person,Elmer Jeovanny Ordonez Espinal,,,Section 353(b) of the United States - Northern Triangle Enhanced Engagement Act,United States Department of State,"Internal Controls Supervisor of the National Bank for Agricultural Development from 2010 to 2014, transferred proceeds of corruption when he aided the misappropriation of more than $500,000 from Bono 10 Mil, a presidential project aimed at reducing rural poverty.",2022,,December 2023,HONDURAS,,https://www.state.gov/reports/section-353-corrupt-and-undemocratic-actors-report-2022/
Person,Elvin Ernesto Santos Ordonez,,,Section 353(b) of the United States - Northern Triangle Enhanced Engagement Act,United States Department of State,"current congressional representative, engaged in significant corruption when he misappropriated funds from the Secretariat of Agriculture to political campaigns.",2021,,December 2023,HONDURAS,,https://www.state.gov/reports/section-353-corrupt-and-undemocratic-actors-report/
Person,Enrique Alberto Flores Lanza,,,Section 353(b) of the United States - Northern Triangle Enhanced Engagement Act,United States Department of State,"Minister of Presidency from 2008 to 2009, engaged in significant corruption by receiving $2 million in public money from the Honduran Central Bank and improperly redistributing it to political allies.",2022,,December 2023,HONDURAS,,https://www.state.gov/reports/section-353-corrupt-and-undemocratic-actors-report-2022/
Person,Erick Gustavo Santiago de Leon,,,Section 353(b) of the United States - Northern Triangle Enhanced Engagement Act,United States Department of State,"a former judge and President of the Regional Appeal Civil Court, engaged in significant corruption and obstructed investigations into acts of corruption by soliciting bribes in return for favorable court rulings in cases before him.",2022,,December 2023,GUATEMALA,,https://www.state.gov/reports/section-353-corrupt-and-undemocratic-actors-report-2022/
Person,Erick Ramon Laguna Averruz,,,Section 353(b) of the United States - Northern Triangle Enhanced Engagement Act,United States Department of State,"a judge, undermined democratic processes or institutions when he convicted and sentenced prodemocracy leaders on vague, false charges of “undermining national integrity” in the sham trials of opposition activist Alexis Peralta and farmer without political affiliation Santos Camilo Bellorin.",2022,,December 2023,NICARAGUA,,https://www.state.gov/reports/section-353-corrupt-and-undemocratic-actors-report-2022/
Person,Ezequiel Milla Guerra,,,Section 353(b) of the United States - Northern Triangle Enhanced Engagement Act,United States Department of State,"former mayor of La Union, engaged in significant corruption by abusing his authority as mayor in the sale of Perico Island to agents of the People’s Republic of China in exchange for personal benefit.",2021,,December 2023,EL SALVADOR,,https://www.state.gov/reports/section-353-corrupt-and-undemocratic-actors-report/
Person,Felipe Alejos Lorenzana,,,Section 353(b) of the United States - Northern Triangle Enhanced Engagement Act,United States Department of State,"former first secretary of the Guatemalan Congress, has engaged in significant corruption. While acting in his official capacity, Mr. Alejos was involved in corrupt acts to enrich himself, while also seriously harming U.S. businesses’ international economic activity. He is designated under the Global Magnitsky sanctions program and Section 7031(c) for involvement in significant corruption.",2021,,December 2023,GUATEMALA,,https://www.state.gov/reports/section-353-corrupt-and-undemocratic-actors-report/
Person,Felix Ernesto Salmeron Moreno,,,Section 353(b) of the United States - Northern Triangle Enhanced Engagement Act,United States Department of State,"a judge, undermined democratic processes or institutions when he convicted and sentenced prodemocracy leaders on vague, false charges of “undermining national integrity” in the sham trials of former presidential candidates Juan Sebastian Chamorro, Felix Maradiaga, Arturo Cruz, and Medardo Mairena; civic leaders Pedro Mena, Jose Pallais, Violeta Granera, Tamara Davila, Jose Quintanilla Hernandez, Roger Reyes; and business leader Jose Adan Aguerri.",2022,,December 2023,NICARAGUA,,https://www.state.gov/reports/section-353-corrupt-and-undemocratic-actors-report-2022/
Person,Florencio Carrascoza Gamez,,,Section 353(b) of the United States - Northern Triangle Enhanced Engagement Act,United States Department of State,"current mayor of Joyabaj, undermined democratic processes or institutions by intimidating and unjustly imprisoning political opponents.",2021,,December 2023,GUATEMALA,,https://www.state.gov/reports/section-353-corrupt-and-undemocratic-actors-report/
Person,Francisco Javier Argueta Gomez,,,Section 353(b) of the United States - Northern Triangle Enhanced Engagement Act,United States Department of State,"current Presidential Legal Advisor, undermined democratic processes or institutions by masterminding the removal of five Supreme Court Magistrates and the Attorney General in an unusual process in apparent contravention of the processes set out in Article 186 of the Constitution, which requires the selection of such Magistrates from a list of candidates drafted by the National Council of the Judiciary.",2022,,December 2023,EL SALVADOR,,https://www.state.gov/reports/section-353-corrupt-and-undemocratic-actors-report-2022/
Person,Fredy Raul Orellana Letona,,,Section 353(b) of the United States - Northern Triangle Enhanced Engagement Act,United States Department of State,"a current judge, undermined democratic processes or institutions by authorizing unsubstantiated, politically motivated criminal charges against journalists who were exercising their freedom of expression as protected by Guatemalan law.",2023,,December 2023,GUATEMALA,,https://www.state.gov/reports/section-353-corrupt-and-undemocratic-actors-report-2023/
Person,Geisler Smaille Perez Dominguez,,,Section 353(b) of the United States - Northern Triangle Enhanced Engagement Act,United States Department of State,"a current judge for the Third Criminal Court, undermined democratic processes by obstructing prosecutions of proponents of the “Parallel Commissions 2020” scheme to stack the Supreme Court and Appellate Courts with corrupt judges.",2022,,December 2023,GUATEMALA,,https://www.state.gov/reports/section-353-corrupt-and-undemocratic-actors-report-2022/
Person,Gendri Rocael Reyes Mazariegos,,,Section 353(b) of the United States - Northern Triangle Enhanced Engagement Act,United States Department of State,"a former minister of interior, engaged in significant corruption.",2023,,December 2023,GUATEMALA,,https://www.state.gov/reports/section-353-corrupt-and-undemocratic-actors-report-2023/
Person,Gerardo Guerrero,,,Section 353(b) of the United States - Northern Triangle Enhanced Engagement Act,United States Department of State,"commissioner of the Institute for Access to Public Information, undermined democratic processes or institutions by purposefully and wrongfully blocking access to public information through his position as a commissioner.",2023,,December 2023,EL SALVADOR,,https://www.state.gov/reports/section-353-corrupt-and-undemocratic-actors-report-2023/
Person,Gladis de los Angeles Baez,,,Section 353(b) of the United States - Northern Triangle Enhanced Engagement Act,United States Department of State,"the current second vice president of the National Assembly, undermined democratic processes or institutions by taking part in coordinated government retaliation to strip Nicaraguan citizenship from political opponents and critics of the Ortega-Murillo regime.",2023,,December 2023,NICARAGUA,,https://www.state.gov/reports/section-353-corrupt-and-undemocratic-actors-report-2023/
Person,Gladys Aurora Lopez,,,Section 353(b) of the United States - Northern Triangle Enhanced Engagement Act,United States Department of State,"member of the Honduran National Congress Executive Board, engaged in significant corruption. He was indicted in the Arca Abierta MACCIH-investigated corruption case for embezzling $800,000 from various government agencies.",2021,,December 2023,HONDURAS,,https://www.state.gov/reports/section-353-corrupt-and-undemocratic-actors-report/
Person,Gloria Maria Saavedra Corrales,,,Section 353(b) of the United States - Northern Triangle Enhanced Engagement Act,United States Department of State,"judge in the tenth criminal district court of Managua, undermined democratic processes or institutions by using her position and authority within the Nicaraguan judicial system to knowingly facilitate a coordinated campaign to suppress dissent by confiscating property from the Jesuit Central American University without a legal basis, in order to install a regime-friendly administration.",2023,,December 2023,NICARAGUA,,https://www.state.gov/reports/section-353-corrupt-and-undemocratic-actors-report-2023/
Person,Gonzalo Molina Solorzano,,,Section 353(b) of the United States - Northern Triangle Enhanced Engagement Act,United States Department of State,"Chief of Supply for the National Bank for Agricultural Development from 2010 to 2014, transferred proceeds of corruption when he aided the misappropriation of more than $500,000 from Bono 10 Mil, a presidential project aimed at reducing rural poverty.",2022,,December 2023,HONDURAS,,https://www.state.gov/reports/section-353-corrupt-and-undemocratic-actors-report-2022/
Person,Guillermo Estuardo de Jesus Sosa Rodriguez,,,Section 353(b) of the United States - Northern Triangle Enhanced Engagement Act,United States Department of State,"former Vice Minister of Communications, engaged in significant corruption when he participated in bribery schemes, including involvement in a criminal structure that pressured, collected, and deposited bribes from state contractors in exchange for personal benefits.",2021,,December 2023,GUATEMALA,,https://www.state.gov/reports/section-353-corrupt-and-undemocratic-actors-report/
Person,Gustavo Adolfo Alejos Cambara,,,Section 353(b) of the United States - Northern Triangle Enhanced Engagement Act,United States Department of State,"former Guatemalan Presidential Chief of Staff, engaged in significant corruption by facilitating payments to congressional representatives and judges on Guatemala’s Supreme Court of Justice (CSJ) in order to inappropriately influence the judicial selection process for magistrates to the CSJ and Court of Appeals and secure his future release from prison and the dismissal of corruption charges. He is designated under the Global Magnitsky sanctions program and Section 7031(c) for involvement in sig",2021,,December 2023,GUATEMALA,,https://www.state.gov/reports/section-353-corrupt-and-undemocratic-actors-report/
Person,Gustavo Adolfo Herrera Castillo,,,Section 353(b) of the United States - Northern Triangle Enhanced Engagement Act,United States Department of State,"political operative and businessman, undermined democratic processes or institutions by abusing his authority to inappropriately influence and manipulate the appointment of judges to high court positions.",2021,,December 2023,GUATEMALA,,https://www.state.gov/reports/section-353-corrupt-and-undemocratic-actors-report/
Person,Gustavo Alberto Perez,,,Section 353(b) of the United States - Northern Triangle Enhanced Engagement Act,United States Department of State,"current congressional representative, has engaged in significant corruption. He was indicted in the Arca Abierta MACCIH-investigated corruption case for embezzling $800,000 from various government agencies.",2021,,December 2023,HONDURAS,,https://www.state.gov/reports/section-353-corrupt-and-undemocratic-actors-report/
Person,Harvis Edulfo Herrera Carballo,,,Section 353(b) of the United States - Northern Triangle Enhanced Engagement Act,United States Department of State,"General Manager at the Presidential Palace from 2010 to 2014, transferred proceeds of corruption when he aided the misappropriation of more than $500,000 from Bono 10 Mil, a presidential project aimed at reducing rural poverty.",2022,,December 2023,HONDURAS,,https://www.state.gov/reports/section-353-corrupt-and-undemocratic-actors-report-2022/
Person,Hector Enrique Padilla Hernandez,,,Section 353(b) of the United States - Northern Triangle Enhanced Engagement Act,United States Department of State,"former member of congress, engaged in significant corruption by misappropriating funds from the publicly funded Limpieza de Solares y Calles development project in his home department of Choluteca to his personal accounts.",2021,,December 2023,HONDURAS,,https://www.state.gov/reports/section-353-corrupt-and-undemocratic-actors-report/
Person,Irma Oralya Laguna Cruz,,,Section 353(b) of the United States - Northern Triangle Enhanced Engagement Act,United States Department of State,"a judge, undermined democratic processes or institutions when she convicted and sentenced a prodemocracy leader on vague, false charges of “undermining national integrity” in the sham trial of opposition activist Evelyn Pinto.",2022,,December 2023,NICARAGUA,,https://www.state.gov/reports/section-353-corrupt-and-undemocratic-actors-report-2022/
Person,Javier Rodolfo Pastor Vasquez,,,Section 353(b) of the United States - Northern Triangle Enhanced Engagement Act,United States Department of State,"Vice Minister of Health in 2011, engaged in significant corruption by accepting $235,000 in bribes to interfere in public procurement procedures to improperly award contracts to political allies and to expedite payments.",2022,,December 2023,HONDURAS,,https://www.state.gov/reports/section-353-corrupt-and-undemocratic-actors-report-2022/
Person,Jesus Arturo Mejia Arita,,,Section 353(b) of the United States - Northern Triangle Enhanced Engagement Act,United States Department of State,"a former general manager of the Honduran National Electric Energy Company (ENEE), engaged in significant corruption by awarding non-competitive or overpriced contracts for the generation of electricity and other energy-related services in exchange for bribes, and by facilitating corrupt schemes related to the hiring and firing of ENEE employees in exchange for kickbacks.",2023,,December 2023,HONDURAS,,https://www.state.gov/reports/section-353-corrupt-and-undemocratic-actors-report-2023/
Person,Jimi Rodolfo Bremer Ramírez,,,Section 353(b) of the United States - Northern Triangle Enhanced Engagement Act,United States Department of State,"a current judge, undermined democratic processes or institutions by authorizing politically motivated criminal charges against journalists for exercising their freedom of expression as protected by Guatemalan law.",2023,,December 2023,GUATEMALA,,https://www.state.gov/reports/section-353-corrupt-and-undemocratic-actors-report-2023/
Person,Jolman Alexander Ayala,,,Section 353(b) of the United States - Northern Triangle Enhanced Engagement Act,United States Department of State,"a former compliance officer of Banco Hipotecario, a state-owned bank, engaged in significant corruption by laundering $177 million in exchange for $78,000 in bribes.",2023,,December 2023,EL SALVADOR,,https://www.state.gov/reports/section-353-corrupt-and-undemocratic-actors-report-2023/
Person,Jorge Estuardo Vargas Morales,,,Section 353(b) of the United States - Northern Triangle Enhanced Engagement Act,United States Department of State,"current congressional representative, engaged in significant corruption and undermined democratic processes or institutions when he engaged in bribery, coercion, and influence peddling.",2021,,December 2023,GUATEMALA,,https://www.state.gov/reports/section-353-corrupt-and-undemocratic-actors-report/
Person,Jorge Luis Arias Jarquin,,,Section 353(b) of the United States - Northern Triangle Enhanced Engagement Act,United States Department of State,"a prosecutor in the Public Prosecutor’s Office headquarters in Managua, undermined democratic processes or institutions by bringing spurious charges in order to jail regime opponents in the leadup to national elections.",2022,,December 2023,NICARAGUA,,https://www.state.gov/reports/section-353-corrupt-and-undemocratic-actors-report-2022/
Person,José Aquiles Enrique Rais López,,,Section 353(b) of the United States - Northern Triangle Enhanced Engagement Act,United States Department of State,engaged in significant corruption and undermined democratic processes or institutions by bribing public officials.,2021,,December 2023,EL SALVADOR,,https://www.state.gov/reports/section-353-corrupt-and-undemocratic-actors-report/
Person,Jose Celin Discua Elvir,,,Section 353(b) of the United States - Northern Triangle Enhanced Engagement Act,United States Department of State,"current congressional representative, engaged in significant corruption when he misappropriated funds from the Secretariat of Agriculture to political campaigns.",2021,,December 2023,HONDURAS,,https://www.state.gov/reports/section-353-corrupt-and-undemocratic-actors-report/
Person,Jose Ernesto Sanabria,,,Section 353(b) of the United States - Northern Triangle Enhanced Engagement Act,United States Department of State,"current Presidential Press Secretary, undermined democratic processes or institutions by using his position and wielding the Presidency’s influence to inappropriately pressure officials in opposition political parties to resign on threat of being charged with criminal offenses.",2022,,December 2023,EL SALVADOR,,https://www.state.gov/reports/section-353-corrupt-and-undemocratic-actors-report-2022/
Person,José Luis Benito Ruiz,,,Section 353(b) of the United States - Northern Triangle Enhanced Engagement Act,United States Department of State,"the former Minister of Communications and Infrastructure from 2018-2020, engaged in significant corruption when he solicited, accepted, and offered bribes in order to maintain his official position and receive kickbacks from contractors, and facilitated the transfer of proceeds of corruption.",2022,,December 2023,GUATEMALA,,https://www.state.gov/reports/section-353-corrupt-and-undemocratic-actors-report-2022/
Person,José Luis Merino,,,Section 353(b) of the United States - Northern Triangle Enhanced Engagement Act,United States Department of State,"former Vice Minister for Foreign Investment and Development Financing, engaged in significant corruption during his term in office through bribery. He also participated in a money laundering scheme.",2021,,December 2023,EL SALVADOR,,https://www.state.gov/reports/section-353-corrupt-and-undemocratic-actors-report/
Person,Jose Miguel “Mecafe” Antonio Menendez Avelar,,,Section 353(b) of the United States - Northern Triangle Enhanced Engagement Act,United States Department of State,"a former president of the Center for Fairs and Conventions, engaged in significant corruption by steering an $8.4 million Ministry of Public Works contract for the construction of a bridge in Chalatenango Department, El Salvador, to a Guatemalan businessman. In return, Menendez illegally received a small plane, a Beechcraft King Air 90, as a gift.",2023,,December 2023,EL SALVADOR,,https://www.state.gov/reports/section-353-corrupt-and-undemocratic-actors-report-2023/
Person,Jose Porfirio “Pepe” Lobo Sosa,,,Section 353(b) of the United States - Northern Triangle Enhanced Engagement Act,United States Department of State,"former president of Honduras, engaged in significant corruption while president when he accepted bribes from the narco-trafficking organization Los Cachiros in exchange for political favors.",2021,,December 2023,HONDURAS,,https://www.state.gov/reports/section-353-corrupt-and-undemocratic-actors-report/
Person,Jose Rafael Curruchiche Cacul (Rafael Curruchiche),,,Section 353(b) of the United States - Northern Triangle Enhanced Engagement Act,United States Department of State,"the current chief of the Public Ministry’s Office of the Special Prosecutor Against Impunity (FECI), obstructed investigations into acts of corruption by disrupting high-profile corruption cases against government officials and raising apparently spurious claims against FECI prosecutors, private attorneys, and former International Commission Against Impunity in Guatemala (CICIG) prosecutors.",2022,,December 2023,GUATEMALA,,https://www.state.gov/reports/section-353-corrupt-and-undemocratic-actors-report-2022/
Person,Jose Wilfredo Salgado Garcia,,,Section 353(b) of the United States - Northern Triangle Enhanced Engagement Act,United States Department of State,"Mayor of San Miguel, undermined democratic processes or institutions when he used his official position to participate in drug trafficking and money laundering while mayor of San Miguel, El Salvador’s second largest city. Salgado used his connections with city law enforcement to intimidate his electoral opponent’s family.",2022,,December 2023,EL SALVADOR,,https://www.state.gov/reports/section-353-corrupt-and-undemocratic-actors-report-2022/
Person,Joviel Acevedo Ayala,,,Section 353(b) of the United States - Northern Triangle Enhanced Engagement Act,United States Department of State,"the current head of Guatemalan Education Workers Union (STEG), engaged in significant corruption by providing STEG’s political support in exchange for bribes from public officials.",2023,,December 2023,GUATEMALA,,https://www.state.gov/reports/section-353-corrupt-and-undemocratic-actors-report-2023/
Person,Juan Carlos “El Tigre” Bonilla Valladares,,,Section 353(b) of the United States - Northern Triangle Enhanced Engagement Act,United States Department of State,"Director of the National Police from 2012 to 2013, engaged in significant corruption when he used his position as Director of the National Police to facilitate movement of cocaine through Honduras in exchange for bribes.",2022,,December 2023,HONDURAS,,https://www.state.gov/reports/section-353-corrupt-and-undemocratic-actors-report-2022/
Person,Juan Carlos Godinez Rodriguez,,,Section 353(b) of the United States - Northern Triangle Enhanced Engagement Act,United States Department of State,"lawyer and former member of a congressional commission in charge of selecting Supreme Court magistrates, undermined democratic processes or institutions by abusing his authority to inappropriately influence and manipulate the appointment of judges to high court positions.",2021,,December 2023,GUATEMALA,,https://www.state.gov/reports/section-353-corrupt-and-undemocratic-actors-report/
Person,Juan Carlos Valenzuela Molina,,,Section 353(b) of the United States - Northern Triangle Enhanced Engagement Act,United States Department of State,"current congressional representative. He was indicted in the Arca Abierta MACCIH-investigated corruption case for embezzling $800,000 from various government agencies.",2021,,December 2023,HONDURAS,,https://www.state.gov/reports/section-353-corrupt-and-undemocratic-actors-report/
Person,Juan Ramon Maradiaga,,,Section 353(b) of the United States - Northern Triangle Enhanced Engagement Act,United States Department of State,"General Manager of the National Bank for Agricultural Development (BANADESA) from 2010 to 2014, transferred proceeds of corruption when he aided the misappropriation of more than $500,000 from Bono 10 Mil, a presidential project aimed at reducing rural poverty.",2022,,December 2023,HONDURAS,,https://www.state.gov/reports/section-353-corrupt-and-undemocratic-actors-report-2022/
Person,Leonor Eugenia Morales Lazo,,,Section 353(b) of the United States - Northern Triangle Enhanced Engagement Act,United States Department of State,"current prosecutor, undermined democratic processes or institutions by leading a politically motivated investigation to cast doubt on certified election results to disrupt the presidential transition.",2023,,December 2023,GUATEMALA,,https://www.state.gov/reports/section-353-corrupt-and-undemocratic-actors-report-2023/
Person,Lesther Castellanos Rodas,,,Section 353(b) of the United States - Northern Triangle Enhanced Engagement Act,United States Department of State,"a former judge and current Guatemalan Rapporteur against Torture, undermined democratic processes or institutions by retaliating against an anticorruption prosecutor for filing administrative complaints concerning Castellanos’s handling of a criminal case.",2023,,December 2023,GUATEMALA,,https://www.state.gov/reports/section-353-corrupt-and-undemocratic-actors-report-2023/
Person,Loria Raquel Dixon Brautigam,,,Section 353(b) of the United States - Northern Triangle Enhanced Engagement Act,United States Department of State,"the current first secretary of the National Assembly, undermined democratic processes or institutions by taking part in coordinated government retaliation to strip Nicaraguan citizenship from political opponents and critics of the Ortega-Murillo regime.",2023,,December 2023,NICARAGUA,,https://www.state.gov/reports/section-353-corrupt-and-undemocratic-actors-report-2023/
Person,Luden Martin Quiroz Garcia,,,Section 353(b) of the United States - Northern Triangle Enhanced Engagement Act,United States Department of State,"a judge, undermined democratic processes or institutions when he convicted and sentenced prodemocracy leaders on vague, false charges of “undermining national integrity” in the sham trials of opposition leader Ana Margarita Vijil, journalist Miguel Mendoza, former Foreign Minister Mauricio Diaz, former presidential candidate Cristiana Chamorro, opposition member Pedro Joaquin Chamorro, employees of the Violeta Barrios de Chamorro Foundation (FVBCH) Pedro Vasquez, Walter Gomez, and Marcos Fletes;",2022,,December 2023,NICARAGUA,,https://www.state.gov/reports/section-353-corrupt-and-undemocratic-actors-report-2022/
Person,Luis Alberto Mena Gamez,,,Section 353(b) of the United States - Northern Triangle Enhanced Engagement Act,United States Department of State,"a prosecutor in Nueva Segovia, undermined democratic processes or institutions by bringing the regime’s case against political prisoner Douglas Cerros and by pursuing spurious charges, convictions, and harsh sentences against private citizens who are critical of the government.",2022,,December 2023,NICARAGUA,,https://www.state.gov/reports/section-353-corrupt-and-undemocratic-actors-report-2022/
Person,Luis Guillermo Wellman Carpio,,,Section 353(b) of the United States - Northern Triangle Enhanced Engagement Act,United States Department of State,"current Magistrate of Supreme Electoral Tribunal, undermined democratic processes or institutions by causing serious and unnecessary delays in election preparations and results tabulation for his personal benefit and allowing Chinese malign influence during the Salvadoran elections.",2021,,December 2023,EL SALVADOR,,https://www.state.gov/reports/section-353-corrupt-and-undemocratic-actors-report/
Person,Manuel Duarte Barrera,,,Section 353(b) of the United States - Northern Triangle Enhanced Engagement Act,United States Department of State,"currently on the Supreme Court, has undermined democratic processes or institutions by abusing his authority to inappropriately influence and manipulate the appointment of judges to high court positions.",2021,,December 2023,GUATEMALA,,https://www.state.gov/reports/section-353-corrupt-and-undemocratic-actors-report/
Person,Marcelo Antonio Chimirri Castro,,,Section 353(b) of the United States - Northern Triangle Enhanced Engagement Act,United States Department of State,"the former director of the Honduran Telecommunications Company, engaged in significant corruption by committing fraud to improperly keep a telecommunications agreement in place in exchange for bribes and obstructed investigations into his corrupt acts by intimidating journalists.",2023,,December 2023,HONDURAS,,https://www.state.gov/reports/section-353-corrupt-and-undemocratic-actors-report-2023/
Person,Marco Antonio Bogran Corrales,,,Section 353(b) of the United States - Northern Triangle Enhanced Engagement Act,United States Department of State,"former director of INVEST-H, engaged in significant corruption by misappropriating public funds during the COVID-19 pandemic.",2021,,December 2023,HONDURAS,,https://www.state.gov/reports/section-353-corrupt-and-undemocratic-actors-report/
Person,Maria Francis Perez Mojica,,,Section 353(b) of the United States - Northern Triangle Enhanced Engagement Act,United States Department of State,"a prosecutor in Nueva Segovia, undermined democratic processes or institutions when she led the regime’s case against pro-democracy activist and political prisoner Donald Alvarenga and pursued spurious charges, convictions, and harsh sentences against the regime’s prodemocracy opponents.",2022,,December 2023,NICARAGUA,,https://www.state.gov/reports/section-353-corrupt-and-undemocratic-actors-report-2022/
Person,Maribel del Socorro Duriez González,,,Section 353(b) of the United States - Northern Triangle Enhanced Engagement Act,United States Department of State,"president of Nicaragua’s National Council for Evaluation and Accreditation, undermined democratic processes or institutions by taking part in a coordinated campaign to suppress dissent by confiscating property from the government’s political opponents, including the Central American University and at least 25 other private Nicaraguan universities, without a legal basis, in order to install a regimefriendly administration.",2023,,December 2023,NICARAGUA,,https://www.state.gov/reports/section-353-corrupt-and-undemocratic-actors-report-2023/
Person,Mario Amilcar Estrada Orellana,,,Section 353(b) of the United States - Northern Triangle Enhanced Engagement Act,United States Department of State,"former congressional representative, engaged in significant corruption and was sentenced by U.S. courts for seeking millions from Mexico’s Sinaloa Cartel to finance political campaigns.",2021,,December 2023,GUATEMALA,,https://www.state.gov/reports/section-353-corrupt-and-undemocratic-actors-report/
Person,Marling de Jesus Castro Rodriguez,,,Section 353(b) of the United States - Northern Triangle Enhanced Engagement Act,United States Department of State,"a prosecutor in the Public Prosecutor’s Office headquarters in Managua, undermined democratic processes or institutions by bringing spurious charges in order to jail regime opponents in the leadup to national elections.",2022,,December 2023,NICARAGUA,,https://www.state.gov/reports/section-353-corrupt-and-undemocratic-actors-report-2022/
Person,Marta Mayela Diaz Ortiz,,,Section 353(b) of the United States - Northern Triangle Enhanced Engagement Act,United States Department of State,"a current vice superintendent of banks and other financial institutions (SIBOIF), undermined democratic processes or institutions by using SIBOIF to provide the financial information of political dissidents in exile and former political prisoners to officials in the Nicaraguan judiciary as part of a coordinated government effort to suppress dissent by seizing the assets of political adversaries without a legal basis.",2023,,December 2023,NICARAGUA,,https://www.state.gov/reports/section-353-corrupt-and-undemocratic-actors-report-2023/
Person,Martha Carolina Recinos de Bernal,,,Section 353(b) of the United States - Northern Triangle Enhanced Engagement Act,United States Department of State,"current Chief of Cabinet, engaged in significant corruption by misusing public funds for personal benefit. She also participated in a significant money laundering scheme.",2021,,December 2023,EL SALVADOR,,https://www.state.gov/reports/section-353-corrupt-and-undemocratic-actors-report/
Person,Martha Ileana Morales Mendoza,,,Section 353(b) of the United States - Northern Triangle Enhanced Engagement Act,United States Department of State,"a prosecutor and the Director of Planning at the Public Prosecutor’s Office headquarters in Managua, undermined democratic processes or institutions by bringing spurious charges in order to jail regime opponents in the leadup to national elections.",2022,,December 2023,NICARAGUA,,https://www.state.gov/reports/section-353-corrupt-and-undemocratic-actors-report-2022/
Person,Mauricio Lopez Oliva,,,Section 353(b) of the United States - Northern Triangle Enhanced Engagement Act,United States Department of State,"the current co-owner of construction company Asfaltos y Petróleos S.A. (Aspetro), engaged in significant corruption by paying bribes to receive government construction contracts.",2022,,December 2023,GUATEMALA,,https://www.state.gov/reports/section-353-corrupt-and-undemocratic-actors-report-2022/
Person,Mayra Alejandra Carrillo de Leon (Alejandra Carrillo),,,Section 353(b) of the United States - Northern Triangle Enhanced Engagement Act,United States Department of State,"current Director of the Victim’s Institute, undermined the democratic process or institutions by using her official position to facilitate the “Parallel Commissions 2020” scheme to stack the Supreme Court and Appellate Courts with corrupt judges.",2022,,December 2023,GUATEMALA,,https://www.state.gov/reports/section-353-corrupt-and-undemocratic-actors-report-2022/
Person,Melvin Leopoldo Vargas Garcia,,,Section 353(b) of the United States - Northern Triangle Enhanced Engagement Act,United States Department of State,"a judge, undermined democratic processes or institutions when he convicted and sentenced a prodemocracy leader on vague, false charges of “undermining national integrity” in the sham trial of opposition activist Samantha Jiron.",2022,,December 2023,NICARAGUA,,https://www.state.gov/reports/section-353-corrupt-and-undemocratic-actors-report-2022/
Person,Melvin Quijivix Vega,,,Section 353(b) of the United States - Northern Triangle Enhanced Engagement Act,United States Department of State,"the current president of the National Electrification Institute, engaged in significant corruption by using his position and connections to improperly and unlawfully direct government procurement contracts to specific companies, in several cases to a company he privately owns.",2023,,December 2023,GUATEMALA,,https://www.state.gov/reports/section-353-corrupt-and-undemocratic-actors-report-2023/
Person,Miguel Edgardo Martinez Pineda,,,Section 353(b) of the United States - Northern Triangle Enhanced Engagement Act,United States Department of State,current congressional representative engaged in significant corruption. He was indicted in the Pandora MACCIH corruption case in June 2018 for misappropriating $12.5 million in public funds from the Secretariat of Agriculture to political campaigns for personal gain.,2021,,December 2023,HONDURAS,,https://www.state.gov/reports/section-353-corrupt-and-undemocratic-actors-report/
Person,Miguel Rodrigo Pastor Mejia,,,Section 353(b) of the United States - Northern Triangle Enhanced Engagement Act,United States Department of State,"a former director of the now-defunct Secretariat of Public Works, Transport, and Housing, engaged in significant corruption, laundering money on behalf of the Los Cachiros drug trafficking organization, by awarding $2.76 million in Honduran government contracts to a Cachiros-controlled construction firm.",2023,,December 2023,HONDURAS,,https://www.state.gov/reports/section-353-corrupt-and-undemocratic-actors-report-2023/
Person,Milton Jesus Puerto Oseguera,,,Section 353(b) of the United States - Northern Triangle Enhanced Engagement Act,United States Department of State,"current congressional representative, engaged in significant corruption. He was indicted in the Arca Abierta MACCIH-investigated corruption case for embezzling $800,000 from various government agencies.",2021,,December 2023,HONDURAS,,https://www.state.gov/reports/section-353-corrupt-and-undemocratic-actors-report/
Person,Mohammad Yusuf Amdani Bai,,,Section 353(b) of the United States - Northern Triangle Enhanced Engagement Act,United States Department of State,"a private businessman, engaged in significant corruption by bribing Honduran Supreme Court officials to rule in favor of his business in a private lawsuit.",2023,,December 2023,HONDURAS,,https://www.state.gov/reports/section-353-corrupt-and-undemocratic-actors-report-2023/
Person,Moises Eduardo Galindo Ruiz,,,Section 353(b) of the United States - Northern Triangle Enhanced Engagement Act,United States Department of State,"an attorney with the NGO FCT, attempted to delay or obstruct criminal proceedings against former military officials who had committed acts of violence, harassment, or intimidation against governmental and nongovernmental corruption investigators, as well as the work of the Special Prosecutor’s Office Against Impunity (FECI).",2021,,December 2023,GUATEMALA,,https://www.state.gov/reports/section-353-corrupt-and-undemocratic-actors-report/
Person,Mynor Mauricio Moto Morataya,,,Section 353(b) of the United States - Northern Triangle Enhanced Engagement Act,United States Department of State,"selected in January 2021 to fill a vacant seat on the country’s Constitutional Court, undermined processes or institutions and engaged in significant corruption when he obstructed justice and received bribes in return for a favorable legal decision.",2021,,December 2023,GUATEMALA,,https://www.state.gov/reports/section-353-corrupt-and-undemocratic-actors-report/
Person,Nadia Camila Tardencilla Rodriguez,,,Section 353(b) of the United States - Northern Triangle Enhanced Engagement Act,United States Department of State,"a judge, undermined democratic processes or institutions when she convicted and sentenced prodemocracy leaders on vague, false charges of “undermining national integrity” in the sham trials of student leaders Lesther Aleman and Max Jerez, former presidential candidate Miguel Mora, political analyst Edgar Parrales, Director of La Prensa newspaper Juan Lorenzo Holmann, and electoral expert Harry Chavez.",2022,,December 2023,NICARAGUA,,https://www.state.gov/reports/section-353-corrupt-and-undemocratic-actors-report-2022/
Person,Nancy Del Carmen Aguirre Gudiel,,,Section 353(b) of the United States - Northern Triangle Enhanced Engagement Act,United States Department of State,"a judge, undermined democratic processes or institutions when she convicted and sentenced a prodemocracy leader on vague, false charges of “undermining national integrity” in the sham trial of opposition activist Irving Larios.",2022,,December 2023,NICARAGUA,,https://www.state.gov/reports/section-353-corrupt-and-undemocratic-actors-report-2022/
Person,Nery Oswaldo Medina Mendez,,,Section 353(b) of the United States - Northern Triangle Enhanced Engagement Act,United States Department of State,"a current Supreme Court of Justice magistrate, undermined the democratic process or institutions by participating in the “Parallel Commissions 2020” scheme to stack the Supreme Court and Appellate Courts with corrupt judges.",2022,,December 2023,GUATEMALA,,https://www.state.gov/reports/section-353-corrupt-and-undemocratic-actors-report-2022/
Person,Nester Mauricio Vasquez Pimentel,,,Section 353(b) of the United States - Northern Triangle Enhanced Engagement Act,United States Department of State,"currently on the Supreme Court, has undermined democratic processes or institutions by abusing his authority to inappropriately influence and manipulate the appointment of judges to high court positions.",2021,,December 2023,GUATEMALA,,https://www.state.gov/reports/section-353-corrupt-and-undemocratic-actors-report/
Person,Noe Nehemías Rivera Vasquez,,,Section 353(b) of the United States - Northern Triangle Enhanced Engagement Act,United States Department of State,"current prosecutor, undermined democratic processes or institutions by bringing politically motivated charges against justice actors fighting corruption and impunity.",2023,,December 2023,GUATEMALA,,https://www.state.gov/reports/section-353-corrupt-and-undemocratic-actors-report-2023/
Person,Omar Ricardo Barrios Osorio,,,Section 353(b) of the United States - Northern Triangle Enhanced Engagement Act,United States Department of State,"the current president of the board of directors of the National Port Commission, undermined democratic processes or institutions by conspiring to intimidate and harass an anticorruption prosecutor for denouncing corrupt activity.",2023,,December 2023,GUATEMALA,,https://www.state.gov/reports/section-353-corrupt-and-undemocratic-actors-report-2023/
Person,Oscar Najera,,,Section 353(b) of the United States - Northern Triangle Enhanced Engagement Act,United States Department of State,"current congressional representative, engaged in significant corruption related to the Cachiros narcotrafficking organization. He was designated under Section 7031(c) for involvement in significant corruption.",2021,,December 2023,HONDURAS,,https://www.state.gov/reports/section-353-corrupt-and-undemocratic-actors-report/
Person,Óscar Rolando Castro,,,Section 353(b) of the United States - Northern Triangle Enhanced Engagement Act,United States Department of State,"Minister of Labor, obstructed investigations into corruption and undermined democratic processes or institutions in efforts to damage his political opponents.",2021,,December 2023,EL SALVADOR,,https://www.state.gov/reports/section-353-corrupt-and-undemocratic-actors-report/
Person,Osiris Luna Meza,,,Section 353(b) of the United States - Northern Triangle Enhanced Engagement Act,United States Department of State,"Vice Minister of Security and Director of Prisons, has engaged in significant corruption related to government contracts and bribery during his term in office.",2021,,December 2023,EL SALVADOR,,https://www.state.gov/reports/section-353-corrupt-and-undemocratic-actors-report/
Person,Othon Sigfrido Reyes Morales,,,Section 353(b) of the United States - Northern Triangle Enhanced Engagement Act,United States Department of State,"former legislator from the FMLN party of El Salvador, engaged in significant corruption during his term in office through fraud and misuse of public funds.",2021,,December 2023,EL SALVADOR,,https://www.state.gov/reports/section-353-corrupt-and-undemocratic-actors-report/
Person,Pablo Salvador Anliker Infante,,,Section 353(b) of the United States - Northern Triangle Enhanced Engagement Act,United States Department of State,"former Minister of Agriculture, engaged in significant corruption by misappropriating public funds for his personal benefit.",2021,,December 2023,EL SALVADOR,,https://www.state.gov/reports/section-353-corrupt-and-undemocratic-actors-report/
Person,Pedro Otto Hernandez Gonzalez,,,Section 353(b) of the United States - Northern Triangle Enhanced Engagement Act,United States Department of State,"current prosecutor, undermined democratic processes or institutions by participating in a politically motivated investigation to cast doubt on certified election results to disrupt the presidential transition.",2023,,December 2023,GUATEMALA,,https://www.state.gov/reports/section-353-corrupt-and-undemocratic-actors-report-2023/
Person,Perla de los Angeles Baca,,,Section 353(b) of the United States - Northern Triangle Enhanced Engagement Act,United States Department of State,"a Chief Prosecutor in Chinandega Department, undermined democratic processes or institutions by bringing spurious charges in order to jail regime opponents in the leadup to national elections.",2022,,December 2023,NICARAGUA,,https://www.state.gov/reports/section-353-corrupt-and-undemocratic-actors-report-2022/
Person,Ramiro Mauricio Lopez Camey,,,Section 353(b) of the United States - Northern Triangle Enhanced Engagement Act,United States Department of State,"the current co-owner of construction company Asfaltos y Petróleos S.A. (Aspetro), engaged in significant corruption by paying bribes to receive government construction contracts.",2022,,December 2023,GUATEMALA,,https://www.state.gov/reports/section-353-corrupt-and-undemocratic-actors-report-2022/
Person,Ramon “Moncho” Campollo Codina,,,Section 353(b) of the United States - Northern Triangle Enhanced Engagement Act,United States Department of State,"a current owner of Corporacion Energias de Guatemala, engaged in significant corruption by bribing public officials and in a manner that harmed U.S. commercial and policy goals to improve energy efficiency.",2022,,December 2023,GUATEMALA,,https://www.state.gov/reports/section-353-corrupt-and-undemocratic-actors-report-2022/
Person,Ramona Rodriguez Perez,,,Section 353(b) of the United States - Northern Triangle Enhanced Engagement Act,United States Department of State,"president of Nicaragua’s National Council of Universities, undermined democratic processes or institutions by taking part in a coordinated campaign to suppress dissent by confiscating property from the government’s political opponents, including Central American University and at least 25 other private Nicaraguan universities, without a legal basis, in order to install a regime-friendly administrations.",2023,,December 2023,NICARAGUA,,https://www.state.gov/reports/section-353-corrupt-and-undemocratic-actors-report-2023/
Person,Rasel Antonio Tome Flores,,,Section 353(b) of the United States - Northern Triangle Enhanced Engagement Act,United States Department of State,"Vice President of Congress, engaged in significant corruption when he used his position as President of the National Telecommunications Commission to misappropriate approximately $327,000 in public funds.",2022,,December 2023,HONDURAS,,https://www.state.gov/reports/section-353-corrupt-and-undemocratic-actors-report-2022/
Person,Raul Amilcar Falla Ovalle,,,Section 353(b) of the United States - Northern Triangle Enhanced Engagement Act,United States Department of State,"a lawyer for the NGO Fundacion Contra el Terrorismo (Foundation Against Terrorism – FCT), attempted to delay or obstruct criminal proceedings against former military officials who had committed acts of violence, harassment, or intimidation against governmental and nongovernmental corruption investigators.",2021,,December 2023,GUATEMALA,,https://www.state.gov/reports/section-353-corrupt-and-undemocratic-actors-report/
Person,Rene Mario Figueroa Figueroa,,,Section 353(b) of the United States - Northern Triangle Enhanced Engagement Act,United States Department of State,"former Public Security Minister under the Saca Administration, during his time as Minister engaged in significant corruption when he converted $3 million in public funds for his and his wife’s personal use and, with his wife, laundered those funds.",2022,,December 2023,EL SALVADOR,,https://www.state.gov/reports/section-353-corrupt-and-undemocratic-actors-report-2022/
Person,Ricardo Arturo Salgado Bonilla,,,Section 353(b) of the United States - Northern Triangle Enhanced Engagement Act,United States Department of State,"the current Minister of Strategic Planning, undermined democratic processes or institutions by directing the LIBRE party’s coordinated efforts through party loyalist groups (“colectivos”) to suppress dissent by violently intimidating opposition legislators calling for a legislative session on October 31, 2023.",2023,,December 2023,HONDURAS,,https://www.state.gov/reports/section-353-corrupt-and-undemocratic-actors-report-2023/
Person,Ricardo Gomez,,,Section 353(b) of the United States - Northern Triangle Enhanced Engagement Act,United States Department of State,"president commissioner of the Institute for Access to Public Information, undermined democratic processes or institutions by purposefully and wrongfully blocking access to public information through his position as president commissioner.",2023,,December 2023,EL SALVADOR,,https://www.state.gov/reports/section-353-corrupt-and-undemocratic-actors-report-2023/
Person,Ricardo Rafael Mendez Ruiz Valdez,,,Section 353(b) of the United States - Northern Triangle Enhanced Engagement Act,United States Department of State,"the founder and legal representative of the NGO FCT, attempted to delay or obstruct criminal proceedings against former military officials who had committed acts of violence, harassment, or intimidation against governmental and nongovernmental corruption investigators.",2021,,December 2023,GUATEMALA,,https://www.state.gov/reports/section-353-corrupt-and-undemocratic-actors-report/
Person,Roberto Antonio Ordonez Wolfovich,,,Section 353(b) of the United States - Northern Triangle Enhanced Engagement Act,United States Department of State,"a former minister of infrastructure and public services, former minister of energy, and former presidential advisor to President Juan Orlando Hernandez, engaged in significant corruption by embezzling state funds through the overvaluation of public works projects.",2023,,December 2023,HONDURAS,,https://www.state.gov/reports/section-353-corrupt-and-undemocratic-actors-report-2023/
Person,Roberto David Castillo Mejia,,,Section 353(b) of the United States - Northern Triangle Enhanced Engagement Act,United States Department of State,"member of the Executive Committee of the Honduran Electrical Company (ENEE) from 2006 to 2009, engaged in corruption related to government contracts when he used his position on the ENEE Executive Committee to interfere in the public procurement process and steer contracts to a company in which he had a financial interest.",2022,,December 2023,HONDURAS,,https://www.state.gov/reports/section-353-corrupt-and-undemocratic-actors-report-2022/
Person,Rodolfo Irias Navas,,,Section 353(b) of the United States - Northern Triangle Enhanced Engagement Act,United States Department of State,"current congressional representative, engaged in significant corruption when he misappropriated funds from the Secretariat of Agriculture to political campaigns.",2021,,December 2023,HONDURAS,,https://www.state.gov/reports/section-353-corrupt-and-undemocratic-actors-report/
Person,Rogelio Eduardo Rivas Polanco,,,Section 353(b) of the United States - Northern Triangle Enhanced Engagement Act,United States Department of State,"former Minister of Security and Justice, engaged in significant corruption by misappropriating public funds for personal benefit.",2021,,December 2023,EL SALVADOR,,https://www.state.gov/reports/section-353-corrupt-and-undemocratic-actors-report/
Person,Rolando Salvador Sanarrusia Munguia,,,Section 353(b) of the United States - Northern Triangle Enhanced Engagement Act,United States Department of State,"a judge, undermined democratic processes or institutions when he convicted and sentenced prodemocracy leaders on vague, false charges of “undermining national integrity” in the sham trial of opposition activist Yoel Sandino.",2022,,December 2023,NICARAGUA,,https://www.state.gov/reports/section-353-corrupt-and-undemocratic-actors-report-2022/
Person,Roman Villeda Aguilar,,,Section 353(b) of the United States - Northern Triangle Enhanced Engagement Act,United States Department of State,"member of congress, obstructed investigations into corruption, which resulted in the dismissal of an embezzlement case against several congressman who were under investigation for redirecting money to a fake NGO.",2021,,December 2023,HONDURAS,,https://www.state.gov/reports/section-353-corrupt-and-undemocratic-actors-report/
Person,Rosa Argentina Solís Davila,,,Section 353(b) of the United States - Northern Triangle Enhanced Engagement Act,United States Department of State,"an appeals court judge in the Criminal Appeals Court of Managua, undermined democratic processes or institutions by using the Appeals Court to facilitate a coordinated government campaign to retaliate against critics of the Ortega-Murillo regime and suppress dissent by stripping Nicaraguan citizenship from political opponents and critics of the Ortega-Murillo regime.",2023,,December 2023,NICARAGUA,,https://www.state.gov/reports/section-353-corrupt-and-undemocratic-actors-report-2023/
Person,Rosa Elena Bonilla de Lobo,,,Section 353(b) of the United States - Northern Triangle Enhanced Engagement Act,United States Department of State,"former first lady, engaged in significant corruption through fraud and misappropriation of public funds.",2021,,December 2023,HONDURAS,,https://www.state.gov/reports/section-353-corrupt-and-undemocratic-actors-report/
Person,Rosa Velia Baca Cardoza,,,Section 353(b) of the United States - Northern Triangle Enhanced Engagement Act,United States Department of State,"a judge, undermined democratic processes or institutions when she convicted and sentenced a prodemocracy leader on vague, false charges of “undermining national integrity” in the sham trial of opposition activist Donald Alvarenga.",2022,,December 2023,NICARAGUA,,https://www.state.gov/reports/section-353-corrupt-and-undemocratic-actors-report-2022/
Person,Sagrario de Fatima Benavides Lanuza,,,Section 353(b) of the United States - Northern Triangle Enhanced Engagement Act,United States Department of State,"a vice director of the Nicaraguan Social Security Institute, undermined democratic processes or institutions by using her position and influence to facilitate a coordinated, politically motivated government campaign to terminate and seize pensions from political adversaries without a legal basis.",2023,,December 2023,NICARAGUA,,https://www.state.gov/reports/section-353-corrupt-and-undemocratic-actors-report-2023/
Person,Salvador Sanchez Ceren,,,Section 353(b) of the United States - Northern Triangle Enhanced Engagement Act,United States Department of State,"a former president and vice president of El Salvador, engaged in significant corruption by laundering money during his tenure as vice president, personally receiving more than $1.3 million in public funds in exchange, and participated in a scheme to divert $183 million in public funds away from public accounts and oversight into personal accounts while serving as president.",2023,,December 2023,EL SALVADOR,,https://www.state.gov/reports/section-353-corrupt-and-undemocratic-actors-report-2023/
Person,Samuel Garcia Salgado,,,Section 353(b) of the United States - Northern Triangle Enhanced Engagement Act,United States Department of State,"a current member of the Honduran National Congress from the Liberal Party, undermined democratic processes or institutions by manipulating the outcome of the Supreme Court of Justice election in 2023 for his personal and political gain.",2023,,December 2023,HONDURAS,,https://www.state.gov/reports/section-353-corrupt-and-undemocratic-actors-report-2023/
Person,Sara Ismela Medina Galo,,,Section 353(b) of the United States - Northern Triangle Enhanced Engagement Act,United States Department of State,"member of congress, obstructed investigations into corruption in her role as Secretary of Congress.",2021,,December 2023,HONDURAS,,https://www.state.gov/reports/section-353-corrupt-and-undemocratic-actors-report/
Person,Silvia Patricia Valdes Quezada,,,Section 353(b) of the United States - Northern Triangle Enhanced Engagement Act,United States Department of State,"a former Supreme Court magistrate, undermined democratic processes or institutions by participating in a scheme to stack the Supreme Court and appellate courts with corrupt judges.",2023,,December 2023,GUATEMALA,,https://www.state.gov/reports/section-353-corrupt-and-undemocratic-actors-report-2023/
Person,Sofia Janeth Hernandez Herrera,,,Section 353(b) of the United States - Northern Triangle Enhanced Engagement Act,United States Department of State,"the current congressional representative for the Union del Cambio Nacional (UCN) party, undermined the democratic process or institutions by misusing her official powers to intimidate her political opponents. She also solicited bribes and threatened to weaponize the legitimate purposes of Guatemala’s congress to retaliate against her enemies for personal benefit.",2022,,December 2023,GUATEMALA,,https://www.state.gov/reports/section-353-corrupt-and-undemocratic-actors-report-2022/
Person,Steffan Christian Emanuel Lehnhoff Hernandez,,,Section 353(b) of the United States - Northern Triangle Enhanced Engagement Act,United States Department of State,"a current owner of Corporacion Energias de Guatemala, engaged in significant corruption by bribing public officials and in a manner that harmed U.S. commercial and policy goals to improve energy efficiency.",2022,,December 2023,GUATEMALA,,https://www.state.gov/reports/section-353-corrupt-and-undemocratic-actors-report-2022/
Person,Ulisa Yahoska Tapia Silva,,,Section 353(b) of the United States - Northern Triangle Enhanced Engagement Act,United States Department of State,"a judge, undermined democratic processes or institutions when she convicted and sentenced prodemocracy leaders on vague, false charges of “undermining national integrity” in the sham trials of opposition activists Yaser Vado and Yader Parajon, former Foreign Minister Francisco Aguirre Sacasa, opposition leader Suyen Barahona, civic leader Freddy Navas, human rights lawyer Maria Oviedo, former presidential candidate Noel Vidaurre, and political commentator Jaime Arellano.",2022,,December 2023,NICARAGUA,,https://www.state.gov/reports/section-353-corrupt-and-undemocratic-actors-report-2022/
Person,Valeria Maritza Halleslevens Centeno,,,Section 353(b) of the United States - Northern Triangle Enhanced Engagement Act,United States Department of State,"the current director of the National Directorate of Property Registrar Offices (DNR), undermined democratic processes or institutions by using her position and influence to facilitate a coordinated government effort to confiscate the property of political opponents.",2023,,December 2023,NICARAGUA,,https://www.state.gov/reports/section-353-corrupt-and-undemocratic-actors-report-2023/
Person,Veronica Fiallos Moncada,,,Section 353(b) of the United States - Northern Triangle Enhanced Engagement Act,United States Department of State,"a judge, undermined democratic processes or institutions when she convicted and sentenced a prodemocracy leader on vague, false charges of “undermining national integrity” in the sham trial of political prisoner Douglas Cerros.",2022,,December 2023,NICARAGUA,,https://www.state.gov/reports/section-353-corrupt-and-undemocratic-actors-report-2022/
Person,Victor Elias Bendeck Ramirez,,,Section 353(b) of the United States - Northern Triangle Enhanced Engagement Act,United States Department of State,"a private businessman and former member of the Central American Parliament, engaged in significant corruption through a series of fraudulent business activities in the banking, real estate, and other sectors and by using his influence with government officials for his personal gain.",2023,,December 2023,HONDURAS,,https://www.state.gov/reports/section-353-corrupt-and-undemocratic-actors-report-2023/
Person,Victor Manuel Cruz Rivera,,,Section 353(b) of the United States - Northern Triangle Enhanced Engagement Act,United States Department of State,"a current Criminal Court Judge, obstructed investigations into acts of corruption by improperly delaying court proceedings.",2022,,December 2023,GUATEMALA,,https://www.state.gov/reports/section-353-corrupt-and-undemocratic-actors-report-2022/
Person,Vitalina Orellana y Orellana,,,Section 353(b) of the United States - Northern Triangle Enhanced Engagement Act,United States Department of State,"a current Supreme Court of Justice magistrate, undermined the democratic process or institutions by participating in the “Parallel Commissions 2020” scheme to stack the Supreme Court and Appellate Courts with corrupt judges.",2022,,December 2023,GUATEMALA,,https://www.state.gov/reports/section-353-corrupt-and-undemocratic-actors-report-2022/
Person,Walter Ramiro Mazariegos Biolis,,,Section 353(b) of the United States - Northern Triangle Enhanced Engagement Act,United States Department of State,"the Rector of the San Carlos University, undermined democratic processes or institutions by accepting the position of rector of the public education institution in July 2022 following a fraudulent selection process.",2023,,December 2023,GUATEMALA,,https://www.state.gov/reports/section-353-corrupt-and-undemocratic-actors-report-2023/
Person,Walter René Araujo Morales,,,Section 353(b) of the United States - Northern Triangle Enhanced Engagement Act,United States Department of State,"former member and president of the Supreme Electoral Tribunal, undermined democratic processes or institutions by calling for insurrection against the Legislative Assembly and repeatedly threatening political candidates.",2021,,December 2023,EL SALVADOR,,https://www.state.gov/reports/section-353-corrupt-and-undemocratic-actors-report/
Person,Welsy Milena Vasquez Lopez,,,Section 353(b) of the United States - Northern Triangle Enhanced Engagement Act,United States Department of State,"current congressional representative, engaged in significant corruption including embezzlement and misappropriation of public funds for personal gain. He was indicted in the Arca Abierta MACCIH-investigated corruption case for embezzling $800,000 from various government agencies.",2021,,December 2023,HONDURAS,,https://www.state.gov/reports/section-353-corrupt-and-undemocratic-actors-report/
Person,Wendy Carolina Morales Urbina,,,Section 353(b) of the United States - Northern Triangle Enhanced Engagement Act,United States Department of State,"the current Nicaraguan attorney general, undermined democratic processes or institutions, using the office of the attorney general to facilitate a coordinated campaign to suppress dissent, by confiscating property from the government’s political opponents without a legal basis. Urbina has also seized property from thousands of nongovernmental organizations under laws explicitly designed to suppress freedom of association.",2023,,December 2023,NICARAGUA,,https://www.state.gov/reports/section-353-corrupt-and-undemocratic-actors-report-2023/
Person,William Irving Howard Lopez,,,Section 353(b) of the United States - Northern Triangle Enhanced Engagement Act,United States Department of State,"a judge, undermined democratic processes or institutions when he convicted and sentenced a prodemocracy leader on vague, false charges of “undermining national integrity” in the sham trial of opposition activist Nidia Barbosa.",2022,,December 2023,NICARAGUA,,https://www.state.gov/reports/section-353-corrupt-and-undemocratic-actors-report-2022/
Person,Yani Benjamin Rosenthal Hidalgo,,,Section 353(b) of the United States - Northern Triangle Enhanced Engagement Act,United States Department of State,"the current president of the Liberal Party in Honduras, undermined democratic processes or institutions by manipulating the outcome of the Supreme Court of Justice election in 2023 for his personal and political gain. Rosenthal also used his influence with government officials to escape accountability for apparent violations of Honduran law by his family-owned cable company.",2023,,December 2023,HONDURAS,,https://www.state.gov/reports/section-353-corrupt-and-undemocratic-actors-report-2023/
Person,Yubelca del Carmen Perez Alvarado,,,Section 353(b) of the United States - Northern Triangle Enhanced Engagement Act,United States Department of State,"a prosecutor in the Public Prosecutor’s Office headquarters in Managua, undermined democratic processes or institutions by bringing spurious charges in order to jail regime opponents in the leadup to national elections.",2022,,December 2023,NICARAGUA,,https://www.state.gov/reports/section-353-corrupt-and-undemocratic-actors-report-2022/
